2026-02-17 18:18:42,054 - models.inference - INFO - Loading model from /home/ivainx/Documentos/Shadownet_Defender/models/best_model.onnx...
2026-02-17 18:18:42,303 - models.inference - INFO - Loading scaler from /home/ivainx/Documentos/Shadownet_Defender/models/scaler.pkl...
2026-02-17 18:18:44,005 - models.inference - INFO - Model and scaler loaded successfully.
2026-02-17 18:18:44,007 - core.engine - INFO - Scanning file: samples/procexp64.exe
2026-02-17 18:18:46,324 - models.inference - ERROR - Inference error: X has 2351 features, but StandardScaler is expecting 2381 features as input.
2026-02-17 18:18:46,327 - core.engine - ERROR - Scan failed for samples/procexp64.exe: X has 2351 features, but StandardScaler is expecting 2381 features as input.
2026-02-17 18:18:46,330 - core.engine - INFO - Scan finished: Unknown (Score: -1.0)
2026-02-17 18:19:27,802 - models.inference - INFO - Loading model from /home/ivainx/Documentos/Shadownet_Defender/models/best_model.onnx...
2026-02-17 18:19:27,828 - models.inference - INFO - Loading scaler from /home/ivainx/Documentos/Shadownet_Defender/models/scaler.pkl...
2026-02-17 18:19:29,112 - models.inference - INFO - Model and scaler loaded successfully.
2026-02-17 18:19:29,114 - core.engine - INFO - Scanning file: samples/procexp64.exe
2026-02-17 18:19:31,439 - models.inference - ERROR - Inference error: only 0-dimensional arrays can be converted to Python scalars
2026-02-17 18:19:31,442 - core.engine - ERROR - Scan failed for samples/procexp64.exe: only 0-dimensional arrays can be converted to Python scalars
2026-02-17 18:19:31,445 - core.engine - INFO - Scan finished: Unknown (Score: -1.0)
2026-02-17 18:20:02,048 - models.inference - INFO - Loading model from /home/ivainx/Documentos/Shadownet_Defender/models/best_model.onnx...
2026-02-17 18:20:02,058 - models.inference - INFO - Loading scaler from /home/ivainx/Documentos/Shadownet_Defender/models/scaler.pkl...
2026-02-17 18:20:02,501 - models.inference - INFO - Model and scaler loaded successfully.
2026-02-17 18:20:02,502 - core.engine - INFO - Scanning file: samples/procexp64.exe
2026-02-17 18:20:03,257 - core.engine - INFO - Scan finished: BENIGN (Score: 0.0)
2026-02-18 12:41:18,375 - models.inference - INFO - Loading model from /home/wachiturro/Música/Shadownet_Defender_Extractor_V2/models/best_model.onnx...
2026-02-18 12:41:18,397 - models.inference - INFO - Loading scaler from /home/wachiturro/Música/Shadownet_Defender_Extractor_V2/models/scaler.pkl...
2026-02-18 12:41:19,053 - models.inference - INFO - Model and scaler loaded successfully.
2026-02-18 12:41:19,054 - core.engine - INFO - Scanning file: samples/procexp64.exe
2026-02-18 12:41:20,578 - core.engine - INFO - Scan finished: BENIGN (Score: 0.0)
2026-02-18 12:48:21,211 - models.inference - INFO - Loading model from /home/wachiturro/Música/Shadownet_Defender_Extractor_V2/models/best_model.onnx...
2026-02-18 12:48:21,228 - models.inference - INFO - Loading scaler from /home/wachiturro/Música/Shadownet_Defender_Extractor_V2/models/scaler.pkl...
2026-02-18 12:48:21,946 - models.inference - INFO - Model and scaler loaded successfully.
2026-02-18 12:48:35,613 - models.inference - INFO - Loading model from /home/wachiturro/Música/Shadownet_Defender_Extractor_V2/models/best_model.onnx...
2026-02-18 12:48:35,635 - models.inference - INFO - Loading scaler from /home/wachiturro/Música/Shadownet_Defender_Extractor_V2/models/scaler.pkl...
2026-02-18 12:48:36,217 - models.inference - INFO - Model and scaler loaded successfully.
2026-02-18 12:48:36,219 - core.engine - INFO - Scanning file: samples/procexp64.exe
2026-02-18 12:48:37,890 - core.engine - INFO - Scan finished: BENIGN (Score: 0.0)
2026-02-18 13:03:47,507 - models.inference - INFO - Loading model from /home/wachiturro/Música/Shadownet_Defender_Extractor_V2/models/best_model.onnx...
2026-02-18 13:03:47,551 - models.inference - INFO - Loading scaler from /home/wachiturro/Música/Shadownet_Defender_Extractor_V2/models/scaler.pkl...
2026-02-18 13:03:48,915 - models.inference - INFO - Model and scaler loaded successfully.
2026-02-18 13:17:29,075 - models.inference - INFO - Loading model from /home/wachiturro/Música/Shadownet_Defender_Extractor_V2/models/best_model.onnx...
2026-02-18 13:17:29,113 - models.inference - INFO - Loading scaler from /home/wachiturro/Música/Shadownet_Defender_Extractor_V2/models/scaler.pkl...
2026-02-18 13:17:29,954 - models.inference - INFO - Model and scaler loaded successfully.
2026-02-18 13:17:29,956 - core.engine - INFO - Scanning file: samples/procexp64.exe
2026-02-18 13:17:31,611 - core.engine - INFO - Scan finished: BENIGN (Score: 0.0)
2026-02-18 14:12:51,760 - models.inference - INFO - Loading model from /home/wachiturro/Música/Shadownet_Defender_Extractor_V2/models/best_model.onnx...
2026-02-18 14:12:51,785 - models.inference - INFO - Loading scaler from /home/wachiturro/Música/Shadownet_Defender_Extractor_V2/models/scaler.pkl...
2026-02-18 14:12:52,616 - models.inference - INFO - Model and scaler loaded successfully.
2026-02-18 14:12:52,618 - core.engine - INFO - Scanning file: samples/procexp64.exe
2026-02-18 14:12:54,122 - core.engine - INFO - Scan finished: BENIGN (Score: 0.0)
2026-02-18 14:22:29,897 - models.inference - INFO - Loading model from /home/wachiturro/Música/Shadownet_Defender_Extractor_V2/models/best_model.onnx...
2026-02-18 14:22:29,910 - models.inference - INFO - Loading scaler from /home/wachiturro/Música/Shadownet_Defender_Extractor_V2/models/scaler.pkl...
2026-02-18 14:22:30,347 - models.inference - INFO - Model and scaler loaded successfully.
2026-02-18 14:52:22,770 - models.inference - INFO - Loading model from /home/wachiturro/Música/Shadownet_Defender_Extractor_V2/models/best_model.onnx...
2026-02-18 14:52:22,793 - models.inference - INFO - Loading scaler from /home/wachiturro/Música/Shadownet_Defender_Extractor_V2/models/scaler.pkl...
2026-02-18 14:52:23,276 - models.inference - INFO - Model and scaler loaded successfully.
2026-02-18 14:52:23,278 - core.engine - INFO - Scanning file: samples/procexp64.exe
2026-02-18 14:52:23,312 - models.inference - INFO - Loading model from /home/wachiturro/Música/Shadownet_Defender_Extractor_V2/models/best_model.onnx...
2026-02-18 14:52:23,326 - models.inference - INFO - Loading scaler from /home/wachiturro/Música/Shadownet_Defender_Extractor_V2/models/scaler.pkl...
2026-02-18 14:52:23,749 - models.inference - INFO - Model and scaler loaded successfully.
2026-02-18 14:52:24,960 - core.engine - INFO - Scan finished: BENIGN (Score: 0.0)
2026-02-18 16:23:50,342 - models.inference - INFO - Loading model from /home/wachiturro/Música/Shadownet_Defender_Extractor_V2/models/best_model.onnx...
2026-02-18 16:23:50,378 - models.inference - INFO - Loading scaler from /home/wachiturro/Música/Shadownet_Defender_Extractor_V2/models/scaler.pkl...
2026-02-18 16:23:50,824 - models.inference - INFO - Model and scaler loaded successfully.
2026-02-18 16:23:50,826 - core.engine - INFO - Scanning file: samples/procexp64.exe
2026-02-18 16:23:50,840 - models.inference - INFO - Loading model from /home/wachiturro/Música/Shadownet_Defender_Extractor_V2/models/best_model.onnx...
2026-02-18 16:23:50,852 - models.inference - INFO - Loading scaler from /home/wachiturro/Música/Shadownet_Defender_Extractor_V2/models/scaler.pkl...
2026-02-18 16:23:51,296 - models.inference - INFO - Model and scaler loaded successfully.
2026-02-18 16:23:52,602 - core.engine - INFO - Scan finished: BENIGN (Score: 0.0)
2026-02-18 16:26:35,282 - models.inference - INFO - Loading model from /home/wachiturro/Música/Shadownet_Defender_Extractor_V2/models/best_model.onnx...
2026-02-18 16:26:35,294 - models.inference - INFO - Loading scaler from /home/wachiturro/Música/Shadownet_Defender_Extractor_V2/models/scaler.pkl...
2026-02-18 16:26:35,664 - models.inference - INFO - Model and scaler loaded successfully.
2026-02-18 16:26:35,665 - core.engine - INFO - Scanning file: samples/procexp64.exe
2026-02-18 16:26:36,939 - core.engine - INFO - Scan finished: BENIGN (Score: 0.0)
2026-02-18 16:28:55,639 - models.inference - INFO - Loading model from /home/wachiturro/Música/Shadownet_Defender_Extractor_V2/models/best_model.onnx...
2026-02-18 16:28:55,658 - models.inference - INFO - Loading scaler from /home/wachiturro/Música/Shadownet_Defender_Extractor_V2/models/scaler.pkl...
2026-02-18 16:28:56,194 - models.inference - INFO - Model and scaler loaded successfully.
2026-02-18 16:28:56,195 - core.engine - INFO - Scanning file: samples/procexp64.exe
2026-02-18 16:28:57,651 - core.engine - INFO - Scan finished: BENIGN (Score: 0.0)
2026-02-18 16:43:29,405 - models.inference - INFO - Loading model from /home/wachiturro/Música/Shadownet_Defender_Extractor_V2/models/best_model.onnx...
2026-02-18 16:43:29,430 - models.inference - INFO - Loading scaler from /home/wachiturro/Música/Shadownet_Defender_Extractor_V2/models/scaler.pkl...
2026-02-18 16:43:30,047 - models.inference - INFO - Model and scaler loaded successfully.
2026-02-18 16:43:30,049 - core.engine - INFO - Scanning file: samples/procexp64.exe
2026-02-18 16:43:31,501 - core.engine - INFO - Scan finished: BENIGN (Score: 0.0)
2026-02-18 16:43:42,682 - models.inference - INFO - Loading model from /home/wachiturro/Música/Shadownet_Defender_Extractor_V2/models/best_model.onnx...
2026-02-18 16:43:42,693 - models.inference - INFO - Loading scaler from /home/wachiturro/Música/Shadownet_Defender_Extractor_V2/models/scaler.pkl...
2026-02-18 16:43:43,081 - models.inference - INFO - Model and scaler loaded successfully.
2026-02-18 19:42:05,523 - core.automation.n8n_client - WARNING - n8n connection error: <urlopen error connection refused>
2026-02-18 19:42:05,526 - core.automation.n8n_client - INFO - n8n automation event delivered.
2026-02-18 20:06:34,363 - models.inference - INFO - Loading model from /home/ivainx/Documentos/Shadownet_Defender/models/best_model.onnx...
2026-02-18 20:06:34,378 - models.inference - INFO - Loading scaler from /home/ivainx/Documentos/Shadownet_Defender/models/scaler.pkl...
2026-02-18 20:06:34,647 - models.inference - INFO - Model and scaler loaded successfully.
2026-02-18 20:08:18,943 - models.inference - INFO - Loading model from /home/ivainx/Documentos/Shadownet_Defender/models/best_model.onnx...
2026-02-18 20:08:18,953 - models.inference - INFO - Loading scaler from /home/ivainx/Documentos/Shadownet_Defender/models/scaler.pkl...
2026-02-18 20:08:19,202 - models.inference - INFO - Model and scaler loaded successfully.
2026-02-18 20:10:05,417 - models.inference - INFO - Loading model from /home/ivainx/Documentos/Shadownet_Defender/models/best_model.onnx...
2026-02-18 20:10:05,428 - models.inference - INFO - Loading scaler from /home/ivainx/Documentos/Shadownet_Defender/models/scaler.pkl...
2026-02-18 20:10:05,707 - models.inference - INFO - Model and scaler loaded successfully.
2026-02-18 20:11:11,944 - models.inference - INFO - Loading model from /home/ivainx/Documentos/Shadownet_Defender/models/best_model.onnx...
2026-02-18 20:11:11,953 - models.inference - INFO - Loading scaler from /home/ivainx/Documentos/Shadownet_Defender/models/scaler.pkl...
2026-02-18 20:11:12,208 - models.inference - INFO - Model and scaler loaded successfully.
2026-02-18 20:11:51,115 - core.automation.n8n_client - INFO - n8n automation event delivered.
2026-02-18 20:12:15,264 - core.automation.n8n_client - WARNING - n8n HTTP error 404: {"code":404,"message":"The requested webhook \"shadownet-alert\" is not registered.","hint":"Click the 'Execute workflow' button on the canvas, then try again. (In test mode, the webhook only works for one call after you click this button)"}
2026-02-18 20:14:20,448 - core.automation.n8n_client - INFO - n8n automation event delivered.
2026-02-18 20:15:09,672 - core.automation.n8n_client - WARNING - n8n HTTP error 404: {"code":404,"message":"The requested webhook \"shadownet-alert\" is not registered.","hint":"Click the 'Execute workflow' button on the canvas, then try again. (In test mode, the webhook only works for one call after you click this button)"}
2026-02-18 20:15:33,324 - core.automation.n8n_client - INFO - n8n automation event delivered.
2026-02-18 20:43:49,562 - core.integrations.n8n_client - INFO - [ShadowNet-N8N] Skipped: integration disabled
2026-02-18 20:43:49,603 - core.integrations.n8n_client - INFO - [ShadowNet-N8N] Skipped: integration disabled
2026-02-18 20:43:49,615 - core.integrations.n8n_client - INFO - [ShadowNet-N8N] Skipped: LOW risk in dev environment
2026-02-18 20:43:49,616 - core.integrations.n8n_client - INFO - [ShadowNet-N8N] Sending alert...
2026-02-18 20:43:49,617 - core.integrations.n8n_client - INFO - [ShadowNet-N8N] Success
2026-02-18 20:43:49,618 - core.integrations.n8n_client - INFO - [ShadowNet-N8N] Sending alert...
2026-02-18 20:43:49,619 - core.integrations.n8n_client - WARNING - [ShadowNet-N8N] Failed: connection_error
2026-02-18 20:44:25,528 - core.integrations.n8n_client - WARNING - [ShadowNet-N8N] Failed: connection_error
2026-02-19 13:11:11,790 - models.inference - INFO - Loading model from /home/ivainx/Documentos/Shadownet_Defender/models/best_model.onnx...
2026-02-19 13:11:11,808 - models.inference - INFO - Loading scaler from /home/ivainx/Documentos/Shadownet_Defender/models/scaler.pkl...
2026-02-19 13:11:12,144 - models.inference - INFO - Model and scaler loaded successfully.
2026-02-19 13:11:12,145 - core.engine - INFO - Scanning file: samples/procexp64.exe
2026-02-19 13:11:13,130 - core.engine - INFO - Scan finished: BENIGN (Score: 0.0)
2026-02-19 13:11:26,969 - models.inference - INFO - Loading model from /home/ivainx/Documentos/Shadownet_Defender/models/best_model.onnx...
2026-02-19 13:11:26,976 - models.inference - INFO - Loading scaler from /home/ivainx/Documentos/Shadownet_Defender/models/scaler.pkl...
2026-02-19 13:11:27,216 - models.inference - INFO - Model and scaler loaded successfully.
2026-02-19 13:11:27,217 - core.engine - INFO - Scanning file: samples/procexp64.exe
2026-02-19 13:11:28,212 - core.engine - INFO - Scan finished: BENIGN (Score: 0.0)
2026-02-19 13:12:21,786 - models.inference - INFO - Loading model from /home/ivainx/Documentos/Shadownet_Defender/models/best_model.onnx...
2026-02-19 13:12:21,794 - models.inference - INFO - Loading scaler from /home/ivainx/Documentos/Shadownet_Defender/models/scaler.pkl...
2026-02-19 13:12:22,142 - models.inference - INFO - Model and scaler loaded successfully.
2026-02-19 13:29:46,594 - core.integrations.n8n_client - WARNING - [ShadowNet-N8N] Failed: connection_error
2026-02-19 13:33:41,805 - models.inference - INFO - Loading model from /home/ivainx/Documentos/Shadownet_Defender/models/best_model.onnx...
2026-02-19 13:33:41,826 - models.inference - INFO - Loading scaler from /home/ivainx/Documentos/Shadownet_Defender/models/scaler.pkl...
2026-02-19 13:33:42,233 - models.inference - INFO - Model and scaler loaded successfully.
2026-02-19 13:33:42,234 - core.engine - INFO - Scanning file: samples/procexp64.exe
2026-02-19 13:33:43,248 - core.engine - INFO - Scan finished: BENIGN (Score: 0.0)
2026-02-19 13:36:36,597 - models.inference - INFO - Loading model from /home/ivainx/Documentos/Shadownet_Defender/models/best_model.onnx...
2026-02-19 13:36:36,609 - models.inference - INFO - Loading scaler from /home/ivainx/Documentos/Shadownet_Defender/models/scaler.pkl...
2026-02-19 13:36:37,135 - models.inference - INFO - Model and scaler loaded successfully.
2026-02-19 13:36:37,137 - core.engine - INFO - Scanning file: samples/procexp64.exe
2026-02-19 13:36:38,154 - core.engine - INFO - Scan finished: BENIGN (Score: 0.0)
2026-02-19 13:36:54,873 - models.inference - INFO - Loading model from /home/ivainx/Documentos/Shadownet_Defender/models/best_model.onnx...
2026-02-19 13:36:54,882 - models.inference - INFO - Loading scaler from /home/ivainx/Documentos/Shadownet_Defender/models/scaler.pkl...
2026-02-19 13:36:55,127 - models.inference - INFO - Model and scaler loaded successfully.
2026-02-19 13:36:55,129 - core.engine - INFO - Scanning file: samples/procexp64.exe
2026-02-19 13:36:56,126 - core.engine - INFO - Scan finished: BENIGN (Score: 0.0)
2026-02-19 13:37:21,214 - models.inference - INFO - Loading model from /home/ivainx/Documentos/Shadownet_Defender/models/best_model.onnx...
2026-02-19 13:37:21,222 - models.inference - INFO - Loading scaler from /home/ivainx/Documentos/Shadownet_Defender/models/scaler.pkl...
2026-02-19 13:37:21,464 - models.inference - INFO - Model and scaler loaded successfully.
2026-02-19 13:37:21,465 - core.engine - INFO - Scanning file: samples/procexp64.exe
2026-02-19 13:37:22,481 - core.engine - INFO - Scan finished: BENIGN (Score: 0.0)
2026-02-19 13:45:36,771 - models.inference - INFO - Loading model from /home/ivainx/Documentos/Shadownet_Defender/models/best_model.onnx...
2026-02-19 13:45:36,789 - models.inference - INFO - Loading scaler from /home/ivainx/Documentos/Shadownet_Defender/models/scaler.pkl...
2026-02-19 13:45:37,208 - models.inference - INFO - Model and scaler loaded successfully.
2026-02-19 13:45:37,209 - core.engine - INFO - Scanning file: samples/procexp64.exe
2026-02-19 13:45:38,250 - core.engine - INFO - Scan finished: BENIGN (Score: 0.0)
2026-02-19 13:46:38,748 - models.inference - INFO - Loading model from /home/ivainx/Documentos/Shadownet_Defender/models/best_model.onnx...
2026-02-19 13:46:38,755 - models.inference - INFO - Loading scaler from /home/ivainx/Documentos/Shadownet_Defender/models/scaler.pkl...
2026-02-19 13:46:39,046 - models.inference - INFO - Model and scaler loaded successfully.
2026-02-19 13:51:16,066 - models.inference - INFO - Loading model from /home/ivainx/Documentos/Shadownet_Defender/models/best_model.onnx...
2026-02-19 13:51:16,079 - models.inference - INFO - Loading scaler from /home/ivainx/Documentos/Shadownet_Defender/models/scaler.pkl...
2026-02-19 13:51:16,474 - models.inference - INFO - Model and scaler loaded successfully.
2026-02-19 13:51:16,475 - core.engine - INFO - Scanning file: samples/procexp64.exe
2026-02-19 13:51:17,457 - core.engine - INFO - Scan finished: BENIGN (Score: 0.0)
2026-02-19 13:51:18,585 - models.inference - INFO - Loading model from /home/ivainx/Documentos/Shadownet_Defender/models/best_model.onnx...
2026-02-19 13:51:18,593 - models.inference - INFO - Loading scaler from /home/ivainx/Documentos/Shadownet_Defender/models/scaler.pkl...
2026-02-19 13:51:18,821 - models.inference - INFO - Model and scaler loaded successfully.
2026-02-19 13:51:18,822 - core.engine - INFO - Scanning file: samples/procexp64.exe
2026-02-19 13:51:19,782 - core.engine - INFO - Scan finished: BENIGN (Score: 0.0)
2026-02-19 15:33:30,807 - models.inference - INFO - Loading model from /home/ivainx/Documentos/Shadownet_Defender/models/best_model.onnx...
2026-02-19 15:33:30,828 - models.inference - INFO - Loading scaler from /home/ivainx/Documentos/Shadownet_Defender/models/scaler.pkl...
2026-02-19 15:33:31,552 - models.inference - INFO - Model and scaler loaded successfully.
2026-02-19 15:33:31,554 - core.engine - INFO - Scanning file: samples/procexp64.exe
2026-02-19 15:33:33,059 - core.engine - INFO - Scan finished: BENIGN (Score: 0.0)
2026-02-19 15:35:20,831 - models.inference - INFO - Loading model from /home/ivainx/Documentos/Shadownet_Defender/models/best_model.onnx...
2026-02-19 15:35:20,853 - models.inference - INFO - Loading scaler from /home/ivainx/Documentos/Shadownet_Defender/models/scaler.pkl...
2026-02-19 15:35:21,384 - models.inference - INFO - Model and scaler loaded successfully.
2026-02-19 15:35:21,387 - core.engine - INFO - Scanning file: samples/procexp64.exe
2026-02-19 15:35:22,871 - core.engine - INFO - Scan finished: BENIGN (Score: 0.0)
2026-02-20 12:21:26,099 - models.inference - INFO - Loading model from /home/ivainx/Documentos/Shadownet_Defender/models/best_model.onnx...
2026-02-20 12:21:26,136 - models.inference - INFO - Loading scaler from /home/ivainx/Documentos/Shadownet_Defender/models/scaler.pkl...
2026-02-20 12:21:27,062 - models.inference - INFO - Model and scaler loaded successfully.
2026-02-20 12:21:27,234 - models.inference - INFO - Loading model from /home/ivainx/Documentos/Shadownet_Defender/models/best_model.onnx...
2026-02-20 12:21:27,248 - models.inference - INFO - Loading scaler from /home/ivainx/Documentos/Shadownet_Defender/models/scaler.pkl...
2026-02-20 12:21:27,251 - models.inference - INFO - Model and scaler loaded successfully.
2026-02-20 12:52:39,697 - core.integrations.n8n_client - WARNING - [ShadowNet-N8N] Failed: connection_error
2026-02-20 12:54:03,500 - models.inference - INFO - Loading model from /home/ivainx/Documentos/Shadownet_Defender/models/best_model.onnx...
2026-02-20 12:54:03,526 - models.inference - INFO - Loading scaler from /home/ivainx/Documentos/Shadownet_Defender/models/scaler.pkl...
2026-02-20 12:54:04,344 - models.inference - INFO - Model and scaler loaded successfully.
2026-02-20 12:55:15,792 - models.inference - INFO - Loading model from /home/ivainx/Documentos/Shadownet_Defender/models/best_model.onnx...
2026-02-20 12:55:15,813 - models.inference - INFO - Loading scaler from /home/ivainx/Documentos/Shadownet_Defender/models/scaler.pkl...
2026-02-20 12:55:16,637 - models.inference - INFO - Model and scaler loaded successfully.
2026-02-20 12:56:00,757 - models.inference - INFO - Loading model from /home/ivainx/Documentos/Shadownet_Defender/models/best_model.onnx...
2026-02-20 12:56:00,778 - models.inference - INFO - Loading scaler from /home/ivainx/Documentos/Shadownet_Defender/models/scaler.pkl...
2026-02-20 12:56:01,538 - models.inference - INFO - Model and scaler loaded successfully.
2026-02-20 12:56:57,522 - models.inference - INFO - Loading model from /home/ivainx/Documentos/Shadownet_Defender/models/best_model.onnx...
2026-02-20 12:56:57,535 - models.inference - INFO - Loading scaler from /home/ivainx/Documentos/Shadownet_Defender/models/scaler.pkl...
2026-02-20 12:56:58,269 - models.inference - INFO - Model and scaler loaded successfully.
2026-02-20 13:57:37,703 - core.integrations.n8n_client - WARNING - [ShadowNet-N8N] Failed: connection_error
2026-02-20 14:05:05,321 - core.integrations.n8n_client - WARNING - [ShadowNet-N8N] Failed: connection_error
2026-02-20 14:05:27,637 - core.integrations.n8n_client - WARNING - [ShadowNet-N8N] Failed: connection_error
2026-02-20 14:05:42,840 - models.inference - INFO - Loading model from /home/ivainx/Documentos/Shadownet_Defender/models/best_model.onnx...
2026-02-20 14:05:42,858 - models.inference - INFO - Loading scaler from /home/ivainx/Documentos/Shadownet_Defender/models/scaler.pkl...
2026-02-20 14:05:43,670 - models.inference - INFO - Model and scaler loaded successfully.
2026-02-20 14:10:09,039 - core.integrations.n8n_client - WARNING - [ShadowNet-N8N] Failed: connection_error
2026-02-26 10:42:35,957 - core.integrations.n8n_client - WARNING - [ShadowNet-N8N] Failed: connection_error
2026-02-26 10:48:22,387 - models.inference - INFO - Loading model from /home/ivainx/Documentos/Shadownet_Defender/models/best_model.onnx...
2026-02-26 10:48:22,398 - models.inference - INFO - Loading model from /home/ivainx/Documentos/Shadownet_Defender/models/best_model.onnx...
2026-02-26 10:48:22,421 - models.inference - INFO - Loading scaler from /home/ivainx/Documentos/Shadownet_Defender/models/scaler.pkl...
2026-02-26 10:48:22,420 - models.inference - INFO - Loading scaler from /home/ivainx/Documentos/Shadownet_Defender/models/scaler.pkl...
2026-02-26 10:48:23,196 - models.inference - INFO - Model and scaler loaded successfully.
2026-02-26 10:48:23,227 - models.inference - INFO - Model and scaler loaded successfully.
2026-02-26 10:48:23,694 - core.integrations.n8n_client - WARNING - [ShadowNet-N8N] Failed: connection_error
2026-02-26 10:49:02,634 - models.inference - INFO - Loading model from /home/ivainx/Documentos/Shadownet_Defender/models/best_model.onnx...
2026-02-26 10:49:02,643 - models.inference - INFO - Loading scaler from /home/ivainx/Documentos/Shadownet_Defender/models/scaler.pkl...
2026-02-26 10:49:03,133 - models.inference - INFO - Model and scaler loaded successfully.
2026-02-26 10:50:26,081 - models.inference - INFO - Loading model from /home/ivainx/Documentos/Shadownet_Defender/models/best_model.onnx...
2026-02-26 10:50:26,093 - models.inference - INFO - Loading scaler from /home/ivainx/Documentos/Shadownet_Defender/models/scaler.pkl...
2026-02-26 10:50:26,758 - models.inference - INFO - Model and scaler loaded successfully.
2026-02-26 10:50:32,998 - models.inference - INFO - Loading model from /home/ivainx/Documentos/Shadownet_Defender/models/best_model.onnx...
2026-02-26 10:50:33,008 - models.inference - INFO - Loading scaler from /home/ivainx/Documentos/Shadownet_Defender/models/scaler.pkl...
2026-02-26 10:50:33,460 - models.inference - INFO - Model and scaler loaded successfully.
2026-02-26 11:18:36,633 - core.integrations.n8n_client - WARNING - [ShadowNet-N8N] Failed: connection_error
2026-02-26 11:30:24,082 - models.inference - INFO - Loading model from /home/ivainx/Documentos/Shadownet_Defender/models/best_model.onnx...
2026-02-26 11:30:24,099 - models.inference - INFO - Loading scaler from /home/ivainx/Documentos/Shadownet_Defender/models/scaler.pkl...
2026-02-26 11:30:24,525 - models.inference - INFO - Model and scaler loaded successfully.
2026-02-26 11:30:24,526 - core.engine - INFO - Scanning file: samples/procexp64.exe
2026-02-26 11:30:25,539 - core.engine - INFO - Scan finished: BENIGN (Score: 0.0)
2026-02-26 11:31:39,552 - core.integrations.n8n_client - WARNING - [ShadowNet-N8N] Failed: connection_error
2026-02-26 11:38:26,252 - models.inference - INFO - Loading model from /home/ivainx/Documentos/Shadownet_Defender/models/best_model.onnx...
2026-02-26 11:38:26,276 - models.inference - INFO - Loading scaler from /home/ivainx/Documentos/Shadownet_Defender/models/scaler.pkl...
2026-02-26 11:38:26,997 - models.inference - INFO - Model and scaler loaded successfully.
2026-02-26 11:38:26,998 - core.engine - INFO - Scanning file: samples/procexp64.exe
2026-02-26 11:38:27,816 - core.engine - INFO - Scan finished: BENIGN (Score: 0.0)
2026-02-26 11:39:19,779 - models.inference - INFO - Loading model from /home/ivainx/Documentos/Shadownet_Defender/models/best_model.onnx...
2026-02-26 11:39:19,801 - models.inference - INFO - Loading scaler from /home/ivainx/Documentos/Shadownet_Defender/models/scaler.pkl...
2026-02-26 11:39:20,682 - models.inference - INFO - Model and scaler loaded successfully.
2026-02-26 11:39:20,683 - core.engine - INFO - Scanning file: samples/eicar_test.txt
2026-02-26 11:39:20,734 - core.engine - WARNING - Non-PE file skipped: samples/eicar_test.txt
2026-02-26 11:39:20,735 - core.engine - INFO - Scan finished: NOT_PE (Score: -1.0)
2026-02-26 11:40:52,202 - models.inference - INFO - Loading model from /home/ivainx/Documentos/Shadownet_Defender/models/best_model.onnx...
2026-02-26 11:40:52,227 - models.inference - INFO - Loading scaler from /home/ivainx/Documentos/Shadownet_Defender/models/scaler.pkl...
2026-02-26 11:40:52,705 - models.inference - INFO - Model and scaler loaded successfully.
2026-02-26 11:40:52,707 - core.engine - INFO - Scanning file: samples/procexp64.exe
2026-02-26 11:40:53,743 - core.engine - INFO - Scan finished: BENIGN (Score: 0.0)
2026-02-26 11:43:16,029 - core.integrations.n8n_client - WARNING - [ShadowNet-N8N] Failed: connection_error
2026-02-26 11:44:01,986 - models.inference - INFO - Loading model from /home/ivainx/Documentos/Shadownet_Defender/models/best_model.onnx...
2026-02-26 11:44:02,094 - models.inference - INFO - Loading scaler from /home/ivainx/Documentos/Shadownet_Defender/models/scaler.pkl...
2026-02-26 11:44:03,392 - models.inference - INFO - Model and scaler loaded successfully.
2026-02-26 11:44:03,394 - core.engine - INFO - Scanning file: samples/procexp64.exe
2026-02-26 11:44:04,948 - core.engine - INFO - Scan finished: BENIGN (Score: 0.0)
2026-02-26 11:44:26,612 - models.inference - INFO - Loading model from /home/ivainx/Documentos/Shadownet_Defender/models/best_model.onnx...
2026-02-26 11:44:26,628 - models.inference - INFO - Loading scaler from /home/ivainx/Documentos/Shadownet_Defender/models/scaler.pkl...
2026-02-26 11:44:27,233 - models.inference - INFO - Model and scaler loaded successfully.
2026-02-26 11:44:27,234 - core.engine - INFO - Scanning file: samples/procexp64.exe
2026-02-26 11:44:28,360 - core.engine - INFO - Scan finished: BENIGN (Score: 0.0)
2026-02-26 12:03:54,710 - core.integrations.n8n_client - WARNING - [ShadowNet-N8N] Failed: connection_error
2026-02-26 12:06:20,520 - models.inference - INFO - Loading model from /home/ivainx/Documentos/Shadownet_Defender/models/best_model.onnx...
2026-02-26 12:06:20,540 - models.inference - INFO - Loading scaler from /home/ivainx/Documentos/Shadownet_Defender/models/scaler.pkl...
2026-02-26 12:06:21,203 - models.inference - INFO - Model and scaler loaded successfully.
2026-02-26 12:06:21,203 - core.engine - INFO - Scanning file: samples/procexp64.exe
2026-02-26 12:06:22,006 - core.engine - INFO - Scan finished: BENIGN (Score: 0.0)
2026-02-26 12:06:46,257 - models.inference - INFO - Loading model from /home/ivainx/Documentos/Shadownet_Defender/models/best_model.onnx...
2026-02-26 12:06:46,267 - models.inference - INFO - Loading scaler from /home/ivainx/Documentos/Shadownet_Defender/models/scaler.pkl...
2026-02-26 12:06:46,707 - models.inference - INFO - Model and scaler loaded successfully.
2026-02-26 12:06:46,707 - core.engine - INFO - Scanning file: samples/procexp64.exe
2026-02-26 12:06:47,513 - core.engine - INFO - Scan finished: BENIGN (Score: 0.0)
2026-02-26 12:12:54,062 - models.inference - INFO - Loading model from /home/ivainx/Documentos/Shadownet_Defender/models/best_model.onnx...
2026-02-26 12:12:54,080 - models.inference - INFO - Loading scaler from /home/ivainx/Documentos/Shadownet_Defender/models/scaler.pkl...
2026-02-26 12:12:54,752 - models.inference - INFO - Model and scaler loaded successfully.
2026-02-26 12:12:54,753 - core.engine - INFO - Scanning file: samples/procexp64.exe
2026-02-26 12:12:55,520 - core.engine - INFO - Scan finished: BENIGN (Score: 0.0)
2026-02-26 12:14:04,092 - models.inference - INFO - Loading model from /home/ivainx/Documentos/Shadownet_Defender/models/best_model.onnx...
2026-02-26 12:14:04,110 - models.inference - INFO - Loading scaler from /home/ivainx/Documentos/Shadownet_Defender/models/scaler.pkl...
2026-02-26 12:14:04,791 - models.inference - INFO - Model and scaler loaded successfully.
2026-02-26 12:14:04,792 - core.engine - INFO - Scanning file: samples/procexp64.exe
2026-02-26 12:14:05,619 - core.engine - INFO - Scan finished: BENIGN (Score: 0.0)
2026-02-26 12:16:59,619 - models.inference - INFO - Loading model from /home/ivainx/Documentos/Shadownet_Defender/models/best_model.onnx...
2026-02-26 12:16:59,643 - models.inference - INFO - Loading scaler from /home/ivainx/Documentos/Shadownet_Defender/models/scaler.pkl...
2026-02-26 12:17:00,360 - models.inference - INFO - Model and scaler loaded successfully.
2026-02-26 12:17:00,361 - core.engine - INFO - Scanning file: samples/procexp64.exe
2026-02-26 12:17:01,149 - core.engine - INFO - Scan finished: BENIGN (Score: 0.0)
2026-02-26 12:19:37,720 - core.integrations.n8n_client - WARNING - [ShadowNet-N8N] Failed: connection_error
2026-02-26 12:20:49,987 - core.integrations.n8n_client - WARNING - [ShadowNet-N8N] Failed: connection_error
2026-03-10 11:15:44,643 - models.inference - INFO - Loading model from /home/ivainx18/Documentos/Shadownet_Defender_Extractor_V2/models/best_model.onnx...
2026-03-10 11:15:44,691 - models.inference - INFO - Loading scaler from /home/ivainx18/Documentos/Shadownet_Defender_Extractor_V2/models/scaler.pkl...
2026-03-10 11:15:45,702 - models.inference - INFO - Model and scaler loaded successfully.
2026-03-10 11:15:45,703 - core.engine - INFO - Scanning file: samples/procexp64.exe
2026-03-10 11:15:46,563 - core.engine - INFO - Scan finished: BENIGN (Score: 0.0)
2026-03-10 11:16:34,427 - models.inference - INFO - Loading model from /home/ivainx18/Documentos/Shadownet_Defender_Extractor_V2/models/best_model.onnx...
2026-03-10 11:16:34,438 - models.inference - INFO - Loading scaler from /home/ivainx18/Documentos/Shadownet_Defender_Extractor_V2/models/scaler.pkl...
2026-03-10 11:16:35,054 - models.inference - INFO - Model and scaler loaded successfully.
2026-03-10 11:16:35,055 - core.engine - INFO - Scanning file: samples/procexp64.exe
2026-03-10 11:16:35,857 - core.engine - INFO - Scan finished: BENIGN (Score: 0.0)
2026-03-17 14:13:46,018 - backend.scan_service - INFO - Inicializando ShadowNetEngine (primera vez)...
2026-03-17 14:13:46,021 - models.inference - INFO - Loading model from /home/ivainx18/Documentos/Shadownet_Defender_Extractor_V2/models/best_model.onnx...
2026-03-17 14:13:46,066 - models.inference - INFO - Loading scaler from /home/ivainx18/Documentos/Shadownet_Defender_Extractor_V2/models/scaler.pkl...
2026-03-17 14:13:47,179 - models.inference - INFO - Model and scaler loaded successfully.
2026-03-17 14:53:57,998 - backend.scan_service - INFO - Inicializando ShadowNetEngine (primera vez)...
2026-03-17 14:53:58,000 - models.inference - INFO - Loading model from /home/ivainx18/Documentos/Shadownet_Defender_Extractor_V2/models/best_model.onnx...
2026-03-17 14:53:58,045 - models.inference - INFO - Loading scaler from /home/ivainx18/Documentos/Shadownet_Defender_Extractor_V2/models/scaler.pkl...
2026-03-17 14:53:59,785 - models.inference - INFO - Model and scaler loaded successfully.
2026-03-17 15:17:05,325 - backend.scan_service - INFO - Inicializando ShadowNetEngine (primera vez)...
2026-03-17 15:17:05,328 - models.inference - INFO - Loading model from /home/ivainx18/Documentos/Shadownet_Defender_Extractor_V2/models/best_model.onnx...
2026-03-17 15:17:05,344 - models.inference - INFO - Loading scaler from /home/ivainx18/Documentos/Shadownet_Defender_Extractor_V2/models/scaler.pkl...
2026-03-17 15:17:06,643 - models.inference - INFO - Model and scaler loaded successfully.
2026-03-17 15:17:25,448 - backend.scan_service - INFO - Inicializando ShadowNetEngine (primera vez)...
2026-03-17 15:17:25,452 - models.inference - INFO - Loading model from /home/ivainx18/Documentos/Shadownet_Defender_Extractor_V2/models/best_model.onnx...
2026-03-17 15:17:25,472 - models.inference - INFO - Loading scaler from /home/ivainx18/Documentos/Shadownet_Defender_Extractor_V2/models/scaler.pkl...
2026-03-17 15:17:26,223 - models.inference - INFO - Model and scaler loaded successfully.
2026-03-20 14:41:18,765 - backend.scan_service - INFO - Inicializando ShadowNetEngine (primera vez)...
2026-03-20 14:41:18,809 - models.inference - INFO - Loading model from /home/ivainx18/Documentos/Shadownet_Defender_Extractor_V2/models/best_model.onnx...
2026-03-20 14:41:18,843 - models.inference - INFO - Loading scaler from /home/ivainx18/Documentos/Shadownet_Defender_Extractor_V2/models/scaler.pkl...
2026-03-20 14:41:19,991 - models.inference - INFO - Model and scaler loaded successfully.
2026-03-20 14:45:55,677 - backend.scan_service - INFO - Inicializando ShadowNetEngine (primera vez)...
2026-03-20 14:45:55,680 - models.inference - INFO - Loading model from /home/ivainx18/Documentos/Shadownet_Defender_Extractor_V2/models/best_model.onnx...
2026-03-20 14:45:55,688 - models.inference - INFO - Loading scaler from /home/ivainx18/Documentos/Shadownet_Defender_Extractor_V2/models/scaler.pkl...
2026-03-20 14:45:56,308 - models.inference - INFO - Model and scaler loaded successfully.
2026-03-20 14:45:56,308 - core.engine - INFO - Scanning file: /tmp/shadownet_uploads/1774035955677-Eula.txt
2026-03-20 14:45:56,356 - core.engine - WARNING - Non-PE file skipped: /tmp/shadownet_uploads/1774035955677-Eula.txt
2026-03-20 14:45:56,357 - core.engine - INFO - Scan finished: NOT_PE (Score: -1.0)
2026-03-20 14:45:56,357 - backend.scan_service - INFO - Escaneo completado: 1774035955677-Eula.txt → benign (low) en 0.05s
2026-03-20 14:45:56,380 - core.engine - INFO - Scanning file: /tmp/shadownet_uploads/1774035956379-ProcessExplorer.zip
2026-03-20 14:45:56,571 - core.engine - WARNING - Non-PE file skipped: /tmp/shadownet_uploads/1774035956379-ProcessExplorer.zip
2026-03-20 14:45:56,572 - core.engine - INFO - Scan finished: NOT_PE (Score: -1.0)
2026-03-20 14:45:56,573 - backend.scan_service - INFO - Escaneo completado: 1774035956379-ProcessExplorer.zip → benign (low) en 0.19s
2026-03-20 14:45:56,576 - core.engine - INFO - Scanning file: /tmp/shadownet_uploads/1774035956576-eicar.txt
2026-03-20 14:45:56,636 - core.engine - WARNING - Non-PE file skipped: /tmp/shadownet_uploads/1774035956576-eicar.txt
2026-03-20 14:45:56,636 - core.engine - INFO - Scan finished: NOT_PE (Score: -1.0)
2026-03-20 14:45:56,637 - backend.scan_service - INFO - Escaneo completado: 1774035956576-eicar.txt → benign (low) en 0.06s
2026-03-20 14:45:56,640 - core.engine - INFO - Scanning file: /tmp/shadownet_uploads/1774035956640-eicar_com.zip
2026-03-20 14:45:56,701 - core.engine - WARNING - Non-PE file skipped: /tmp/shadownet_uploads/1774035956640-eicar_com.zip
2026-03-20 14:45:56,702 - core.engine - INFO - Scan finished: NOT_PE (Score: -1.0)
2026-03-20 14:45:56,705 - backend.scan_service - INFO - Escaneo completado: 1774035956640-eicar_com.zip → benign (low) en 0.07s
2026-03-20 14:45:56,712 - core.engine - INFO - Scanning file: /tmp/shadownet_uploads/1774035956712-eicar_test.txt
2026-03-20 14:45:56,770 - core.engine - WARNING - Non-PE file skipped: /tmp/shadownet_uploads/1774035956712-eicar_test.txt
2026-03-20 14:45:56,771 - core.engine - INFO - Scan finished: NOT_PE (Score: -1.0)
2026-03-20 14:45:56,772 - backend.scan_service - INFO - Escaneo completado: 1774035956712-eicar_test.txt → benign (low) en 0.06s
2026-03-20 14:45:56,774 - core.engine - INFO - Scanning file: /tmp/shadownet_uploads/1774035956774-malware_simulated_scan.json
2026-03-20 14:45:56,831 - core.engine - WARNING - Non-PE file skipped: /tmp/shadownet_uploads/1774035956774-malware_simulated_scan.json
2026-03-20 14:45:56,832 - core.engine - INFO - Scan finished: NOT_PE (Score: -1.0)
2026-03-20 14:45:56,833 - backend.scan_service - INFO - Escaneo completado: 1774035956774-malware_simulated_scan.json → benign (low) en 0.06s
2026-03-20 14:45:56,857 - core.engine - INFO - Scanning file: /tmp/shadownet_uploads/1774035956855-procexp.exe
2026-03-20 14:45:57,973 - core.engine - INFO - Scan finished: BENIGN (Score: 0.0)
2026-03-20 14:45:57,974 - backend.scan_service - INFO - Escaneo completado: 1774035956855-procexp.exe → benign (low) en 1.12s
2026-03-20 14:45:57,990 - core.engine - INFO - Scanning file: /tmp/shadownet_uploads/1774035957989-procexp64.exe
2026-03-20 14:45:58,772 - core.engine - INFO - Scan finished: BENIGN (Score: 0.0)
2026-03-20 14:45:58,773 - backend.scan_service - INFO - Escaneo completado: 1774035957989-procexp64.exe → benign (low) en 0.78s
2026-03-20 14:45:58,787 - core.engine - INFO - Scanning file: /tmp/shadownet_uploads/1774035958786-procexp64a.exe
2026-03-20 14:45:59,118 - core.engine - INFO - Scan finished: BENIGN (Score: 0.0)
2026-03-20 14:45:59,119 - backend.scan_service - INFO - Escaneo completado: 1774035958786-procexp64a.exe → benign (low) en 0.33s
2026-03-20 15:05:49,434 - models.inference - INFO - Loading model from /home/ivainx18/Documentos/Shadownet_Defender_Extractor_V2/models/best_model.onnx...
2026-03-20 15:05:49,467 - models.inference - INFO - Loading scaler from /home/ivainx18/Documentos/Shadownet_Defender_Extractor_V2/models/scaler.pkl...
2026-03-20 15:05:50,254 - models.inference - INFO - Model and scaler loaded successfully.
2026-03-20 15:05:50,256 - core.engine - INFO - Scanning file: samples/Eula.txt
2026-03-20 15:05:50,285 - core.engine - WARNING - Non-PE file skipped: samples/Eula.txt
2026-03-20 15:05:50,286 - core.engine - INFO - Scan finished: NOT_PE (Score: -1.0)
2026-03-20 15:05:50,287 - core.engine - INFO - Scanning file: samples/ProcessExplorer.zip
2026-03-20 15:05:50,394 - core.engine - WARNING - Non-PE file skipped: samples/ProcessExplorer.zip
2026-03-20 15:05:50,395 - core.engine - INFO - Scan finished: NOT_PE (Score: -1.0)
2026-03-20 15:05:50,395 - core.engine - INFO - Scanning file: samples/eicar.txt
2026-03-20 15:05:50,423 - core.engine - WARNING - Non-PE file skipped: samples/eicar.txt
2026-03-20 15:05:50,424 - core.engine - INFO - Scan finished: NOT_PE (Score: -1.0)
2026-03-20 15:05:50,424 - core.engine - INFO - Scanning file: samples/eicar_com.zip
2026-03-20 15:05:50,450 - core.engine - WARNING - Non-PE file skipped: samples/eicar_com.zip
2026-03-20 15:05:50,451 - core.engine - INFO - Scan finished: NOT_PE (Score: -1.0)
2026-03-20 15:05:50,452 - core.engine - INFO - Scanning file: samples/eicar_test.txt
2026-03-20 15:05:50,481 - core.engine - WARNING - Non-PE file skipped: samples/eicar_test.txt
2026-03-20 15:05:50,482 - core.engine - INFO - Scan finished: NOT_PE (Score: -1.0)
2026-03-20 15:05:50,483 - core.engine - INFO - Scanning file: samples/malware_simulated_scan.json
2026-03-20 15:05:50,515 - core.engine - WARNING - Non-PE file skipped: samples/malware_simulated_scan.json
2026-03-20 15:05:50,516 - core.engine - INFO - Scan finished: NOT_PE (Score: -1.0)
2026-03-20 15:05:50,517 - core.engine - INFO - Scanning file: samples/procexp.exe
2026-03-20 15:05:51,567 - core.engine - INFO - Scan finished: BENIGN (Score: 0.0)
2026-03-20 15:05:51,568 - core.engine - INFO - Scanning file: samples/procexp64.exe
2026-03-20 15:05:52,336 - core.engine - INFO - Scan finished: BENIGN (Score: 0.0)
2026-03-20 15:05:52,337 - core.engine - INFO - Scanning file: samples/procexp64a.exe
2026-03-20 15:05:52,640 - core.engine - INFO - Scan finished: BENIGN (Score: 0.0)
2026-03-20 15:05:52,641 - core.engine - INFO - Scanning file: samples/test.exe
2026-03-20 15:05:52,684 - core.engine - WARNING - Non-PE file skipped: samples/test.exe
2026-03-20 15:05:52,685 - core.engine - INFO - Scan finished: NOT_PE (Score: -1.0)
2026-03-20 15:07:31,899 - backend.scan_service - INFO - Inicializando ShadowNetEngine (primera vez)...
2026-03-20 15:07:31,901 - models.inference - INFO - Loading model from /home/ivainx18/Documentos/Shadownet_Defender_Extractor_V2/models/best_model.onnx...
2026-03-20 15:07:31,912 - models.inference - INFO - Loading scaler from /home/ivainx18/Documentos/Shadownet_Defender_Extractor_V2/models/scaler.pkl...
2026-03-20 15:07:32,616 - models.inference - INFO - Model and scaler loaded successfully.
2026-03-20 15:08:45,216 - core.engine - INFO - Scanning file: /tmp/shadownet_uploads/1774037325215-Eula.txt
2026-03-20 15:08:45,264 - core.engine - WARNING - Non-PE file skipped: /tmp/shadownet_uploads/1774037325215-Eula.txt
2026-03-20 15:08:45,264 - core.engine - INFO - Scan finished: NOT_PE (Score: -1.0)
2026-03-20 15:08:45,265 - backend.scan_service - INFO - Escaneo completado: 1774037325215-Eula.txt → benign (low) en 0.05s
2026-03-20 15:08:46,304 - core.engine - INFO - Scanning file: /tmp/shadownet_uploads/1774037326303-ProcessExplorer.zip
2026-03-20 15:08:46,463 - core.engine - WARNING - Non-PE file skipped: /tmp/shadownet_uploads/1774037326303-ProcessExplorer.zip
2026-03-20 15:08:46,465 - core.engine - INFO - Scan finished: NOT_PE (Score: -1.0)
2026-03-20 15:08:46,466 - backend.scan_service - INFO - Escaneo completado: 1774037326303-ProcessExplorer.zip → benign (low) en 0.16s
2026-03-20 15:08:46,868 - core.engine - INFO - Scanning file: /tmp/shadownet_uploads/1774037326868-eicar.txt
2026-03-20 15:08:46,932 - core.engine - WARNING - Non-PE file skipped: /tmp/shadownet_uploads/1774037326868-eicar.txt
2026-03-20 15:08:46,934 - core.engine - INFO - Scan finished: NOT_PE (Score: -1.0)
2026-03-20 15:08:46,934 - backend.scan_service - INFO - Escaneo completado: 1774037326868-eicar.txt → benign (low) en 0.07s
2026-03-20 15:08:47,452 - core.engine - INFO - Scanning file: /tmp/shadownet_uploads/1774037327451-eicar_com.zip
2026-03-20 15:08:47,522 - core.engine - WARNING - Non-PE file skipped: /tmp/shadownet_uploads/1774037327451-eicar_com.zip
2026-03-20 15:08:47,523 - core.engine - INFO - Scan finished: NOT_PE (Score: -1.0)
2026-03-20 15:08:47,523 - backend.scan_service - INFO - Escaneo completado: 1774037327451-eicar_com.zip → benign (low) en 0.07s
2026-03-20 15:08:48,011 - core.engine - INFO - Scanning file: /tmp/shadownet_uploads/1774037328010-eicar_test.txt
2026-03-20 15:08:48,077 - core.engine - WARNING - Non-PE file skipped: /tmp/shadownet_uploads/1774037328010-eicar_test.txt
2026-03-20 15:08:48,078 - core.engine - INFO - Scan finished: NOT_PE (Score: -1.0)
2026-03-20 15:08:48,079 - backend.scan_service - INFO - Escaneo completado: 1774037328010-eicar_test.txt → benign (low) en 0.07s
2026-03-20 15:08:48,430 - core.engine - INFO - Scanning file: /tmp/shadownet_uploads/1774037328430-malware_simulated_scan.json
2026-03-20 15:08:48,502 - core.engine - WARNING - Non-PE file skipped: /tmp/shadownet_uploads/1774037328430-malware_simulated_scan.json
2026-03-20 15:08:48,503 - core.engine - INFO - Scan finished: NOT_PE (Score: -1.0)
2026-03-20 15:08:48,504 - backend.scan_service - INFO - Escaneo completado: 1774037328430-malware_simulated_scan.json → benign (low) en 0.07s
2026-03-20 15:08:48,992 - core.engine - INFO - Scanning file: /tmp/shadownet_uploads/1774037328990-procexp.exe
2026-03-20 15:08:50,136 - core.engine - INFO - Scan finished: BENIGN (Score: 0.0)
2026-03-20 15:08:50,136 - backend.scan_service - INFO - Escaneo completado: 1774037328990-procexp.exe → benign (low) en 1.14s
2026-03-20 15:08:50,593 - core.engine - INFO - Scanning file: /tmp/shadownet_uploads/1774037330593-procexp64.exe
2026-03-20 15:08:51,334 - core.engine - INFO - Scan finished: BENIGN (Score: 0.0)
2026-03-20 15:08:51,335 - backend.scan_service - INFO - Escaneo completado: 1774037330593-procexp64.exe → benign (low) en 0.74s
2026-03-20 15:08:51,824 - core.engine - INFO - Scanning file: /tmp/shadownet_uploads/1774037331824-procexp64a.exe
2026-03-20 15:08:52,149 - core.engine - INFO - Scan finished: BENIGN (Score: 0.0)
2026-03-20 15:08:52,150 - backend.scan_service - INFO - Escaneo completado: 1774037331824-procexp64a.exe → benign (low) en 0.33s
2026-03-20 15:08:52,677 - backend.routes.analysis - ERROR - Error generando explicación LLM: Ollama respondió con error HTTP 404.
Mensaje: 404 page not found
Verifica que el modelo 'llama3.2:3b' esté descargado:
  ollama pull llama3.2:3b
2026-03-20 15:18:30,815 - core.engine - INFO - Scanning file: /tmp/shadownet_uploads/1774037910814-procexp.exe
2026-03-20 15:18:32,062 - core.engine - INFO - Scan finished: BENIGN (Score: 0.0)
2026-03-20 15:18:32,063 - backend.scan_service - INFO - Escaneo completado: 1774037910814-procexp.exe → benign (low) en 1.25s
2026-03-20 15:18:49,654 - core.engine - INFO - Scanning file: /tmp/shadownet_uploads/1774037929653-procexp64a.exe
2026-03-20 15:18:50,065 - core.engine - INFO - Scan finished: BENIGN (Score: 0.0)
2026-03-20 15:18:50,067 - backend.scan_service - INFO - Escaneo completado: 1774037929653-procexp64a.exe → benign (low) en 0.41s
2026-03-20 15:18:50,580 - core.engine - INFO - Scanning file: /tmp/shadownet_uploads/1774037930580-eicar.txt
2026-03-20 15:18:50,685 - core.engine - WARNING - Non-PE file skipped: /tmp/shadownet_uploads/1774037930580-eicar.txt
2026-03-20 15:18:50,687 - core.engine - INFO - Scan finished: NOT_PE (Score: -1.0)
2026-03-20 15:18:50,688 - backend.scan_service - INFO - Escaneo completado: 1774037930580-eicar.txt → benign (low) en 0.11s
2026-03-20 15:19:13,640 - backend.routes.analysis - ERROR - Error generando explicación LLM: Ollama respondió con error HTTP 404.
Mensaje: 404 page not found
Verifica que el modelo 'llama3.2:3b' esté descargado:
  ollama pull llama3.2:3b
2026-03-20 15:32:13,465 - backend.scan_service - INFO - Inicializando ShadowNetEngine (primera vez)...
2026-03-20 15:32:13,470 - models.inference - INFO - Loading model from /home/ivainx18/Documentos/Shadownet_Defender_Extractor_V2/models/best_model.onnx...
2026-03-20 15:32:13,493 - models.inference - INFO - Loading scaler from /home/ivainx18/Documentos/Shadownet_Defender_Extractor_V2/models/scaler.pkl...
2026-03-20 15:32:14,529 - models.inference - INFO - Model and scaler loaded successfully.
2026-03-20 15:32:14,855 - core.engine - INFO - Scanning file: /tmp/shadownet_uploads/1774038734854-procexp64a.exe
2026-03-20 15:32:15,191 - core.engine - INFO - Scan finished: BENIGN (Score: 0.0)
2026-03-20 15:32:15,192 - backend.scan_service - INFO - Escaneo completado: 1774038734854-procexp64a.exe → benign (low) en 0.34s
2026-03-20 17:11:02,647 - backend.scan_service - INFO - Inicializando ShadowNetEngine (primera vez)...
2026-03-20 17:11:02,652 - models.inference - INFO - Loading model from /home/ivainx18/Documentos/Shadownet_Defender_Extractor_V2/models/best_model.onnx...
2026-03-20 17:11:02,711 - models.inference - INFO - Loading scaler from /home/ivainx18/Documentos/Shadownet_Defender_Extractor_V2/models/scaler.pkl...
2026-03-20 17:11:04,247 - models.inference - INFO - Model and scaler loaded successfully.
2026-03-20 17:18:26,240 - core.engine - INFO - Scanning file: /tmp/shadownet_uploads/1774045106236-procexp64a.exe
2026-03-20 17:18:26,840 - core.engine - INFO - Scan finished: BENIGN (Score: 0.0)
2026-03-20 17:18:26,841 - backend.scan_service - INFO - Archivo PE analizado: 1774045106236-procexp64a.exe | type=pe | result=benign | risk=low | score=0.0000 | inference_time=0.601s
2026-03-20 17:18:29,605 - core.engine - INFO - Scanning file: /tmp/shadownet_uploads/1774045109605-eicar.txt
2026-03-20 17:18:29,770 - core.engine - WARNING - Non-PE file skipped: /tmp/shadownet_uploads/1774045109605-eicar.txt
2026-03-20 17:18:29,772 - core.engine - INFO - Scan finished: NOT_PE (Score: -1.0)
2026-03-20 17:18:29,773 - backend.scan_service - INFO - Archivo no PE detectado: 1774045109605-eicar.txt | type=non_pe | result=suspicious | reason=unsupported_file_type | inference_time=0.168s
2026-03-20 17:18:31,635 - core.engine - INFO - Scanning file: /tmp/shadownet_uploads/1774045111634-eicar_com.zip
2026-03-20 17:18:31,951 - core.engine - WARNING - Non-PE file skipped: /tmp/shadownet_uploads/1774045111634-eicar_com.zip
2026-03-20 17:18:31,954 - core.engine - INFO - Scan finished: NOT_PE (Score: -1.0)
2026-03-20 17:18:31,955 - backend.scan_service - INFO - Archivo no PE detectado: 1774045111634-eicar_com.zip | type=non_pe | result=suspicious | reason=unsupported_file_type | inference_time=0.320s
2026-03-20 17:30:31,329 - backend.scan_service - INFO - Inicializando ShadowNetEngine (primera vez)...
2026-03-20 17:30:31,331 - models.inference - INFO - Loading model from /home/ivainx18/Documentos/Shadownet_Defender_Extractor_V2/models/best_model.onnx...
2026-03-20 17:30:31,366 - models.inference - INFO - Loading scaler from /home/ivainx18/Documentos/Shadownet_Defender_Extractor_V2/models/scaler.pkl...
2026-03-20 17:30:32,289 - models.inference - INFO - Model and scaler loaded successfully.
2026-03-20 17:30:33,015 - core.engine - INFO - Scanning file: /tmp/shadownet_uploads/1774045833015-Eula.txt
2026-03-20 17:30:33,100 - core.engine - WARNING - Non-PE file skipped: /tmp/shadownet_uploads/1774045833015-Eula.txt
2026-03-20 17:30:33,100 - core.engine - INFO - Scan finished: NOT_PE (Score: -1.0)
2026-03-20 17:30:33,101 - backend.scan_service - INFO - Archivo no PE detectado: 1774045833015-Eula.txt | type=non_pe | result=suspicious | reason=unsupported_file_type | inference_time=0.086s
2026-03-20 17:30:34,211 - core.engine - INFO - Scanning file: /tmp/shadownet_uploads/1774045834210-ProcessExplorer.zip
2026-03-20 17:30:34,388 - core.engine - WARNING - Non-PE file skipped: /tmp/shadownet_uploads/1774045834210-ProcessExplorer.zip
2026-03-20 17:30:34,390 - core.engine - INFO - Scan finished: NOT_PE (Score: -1.0)
2026-03-20 17:30:34,391 - backend.scan_service - INFO - Archivo no PE detectado: 1774045834210-ProcessExplorer.zip | type=non_pe | result=suspicious | reason=unsupported_file_type | inference_time=0.180s
2026-03-20 17:30:34,805 - core.engine - INFO - Scanning file: /tmp/shadownet_uploads/1774045834804-eicar.txt
2026-03-20 17:30:34,890 - core.engine - WARNING - Non-PE file skipped: /tmp/shadownet_uploads/1774045834804-eicar.txt
2026-03-20 17:30:34,891 - core.engine - INFO - Scan finished: NOT_PE (Score: -1.0)
2026-03-20 17:30:34,892 - backend.scan_service - INFO - Archivo no PE detectado: 1774045834804-eicar.txt | type=non_pe | result=suspicious | reason=unsupported_file_type | inference_time=0.087s
2026-03-20 17:30:49,318 - core.engine - INFO - Scanning file: /tmp/shadownet_uploads/1774045849318-Eula.txt
2026-03-20 17:30:49,396 - core.engine - WARNING - Non-PE file skipped: /tmp/shadownet_uploads/1774045849318-Eula.txt
2026-03-20 17:30:49,397 - core.engine - INFO - Scan finished: NOT_PE (Score: -1.0)
2026-03-20 17:30:49,398 - backend.scan_service - INFO - Archivo no PE detectado: 1774045849318-Eula.txt | type=non_pe | result=suspicious | reason=unsupported_file_type | inference_time=0.080s
2026-03-20 17:30:49,790 - core.engine - INFO - Scanning file: /tmp/shadownet_uploads/1774045849789-ProcessExplorer.zip
2026-03-20 17:30:49,947 - core.engine - WARNING - Non-PE file skipped: /tmp/shadownet_uploads/1774045849789-ProcessExplorer.zip
2026-03-20 17:30:49,948 - core.engine - INFO - Scan finished: NOT_PE (Score: -1.0)
2026-03-20 17:30:49,949 - backend.scan_service - INFO - Archivo no PE detectado: 1774045849789-ProcessExplorer.zip | type=non_pe | result=suspicious | reason=unsupported_file_type | inference_time=0.159s
2026-03-20 17:30:50,316 - core.engine - INFO - Scanning file: /tmp/shadownet_uploads/1774045850316-eicar.txt
2026-03-20 17:30:50,416 - core.engine - WARNING - Non-PE file skipped: /tmp/shadownet_uploads/1774045850316-eicar.txt
2026-03-20 17:30:50,417 - core.engine - INFO - Scan finished: NOT_PE (Score: -1.0)
2026-03-20 17:30:50,418 - backend.scan_service - INFO - Archivo no PE detectado: 1774045850316-eicar.txt | type=non_pe | result=suspicious | reason=unsupported_file_type | inference_time=0.103s
2026-03-20 17:30:50,867 - core.engine - INFO - Scanning file: /tmp/shadownet_uploads/1774045850867-eicar_com.zip
2026-03-20 17:30:50,951 - core.engine - WARNING - Non-PE file skipped: /tmp/shadownet_uploads/1774045850867-eicar_com.zip
2026-03-20 17:30:50,952 - core.engine - INFO - Scan finished: NOT_PE (Score: -1.0)
2026-03-20 17:30:50,953 - backend.scan_service - INFO - Archivo no PE detectado: 1774045850867-eicar_com.zip | type=non_pe | result=suspicious | reason=unsupported_file_type | inference_time=0.086s
2026-03-20 17:30:51,319 - core.engine - INFO - Scanning file: /tmp/shadownet_uploads/1774045851319-eicar_test.txt
2026-03-20 17:30:51,400 - core.engine - WARNING - Non-PE file skipped: /tmp/shadownet_uploads/1774045851319-eicar_test.txt
2026-03-20 17:30:51,402 - core.engine - INFO - Scan finished: NOT_PE (Score: -1.0)
2026-03-20 17:30:51,402 - backend.scan_service - INFO - Archivo no PE detectado: 1774045851319-eicar_test.txt | type=non_pe | result=suspicious | reason=unsupported_file_type | inference_time=0.083s
2026-03-20 17:30:51,776 - core.engine - INFO - Scanning file: /tmp/shadownet_uploads/1774045851776-malware_simulated_scan.json
2026-03-20 17:30:51,853 - core.engine - WARNING - Non-PE file skipped: /tmp/shadownet_uploads/1774045851776-malware_simulated_scan.json
2026-03-20 17:30:51,855 - core.engine - INFO - Scan finished: NOT_PE (Score: -1.0)
2026-03-20 17:30:51,855 - backend.scan_service - INFO - Archivo no PE detectado: 1774045851776-malware_simulated_scan.json | type=non_pe | result=suspicious | reason=unsupported_file_type | inference_time=0.079s
2026-03-20 17:30:52,334 - core.engine - INFO - Scanning file: /tmp/shadownet_uploads/1774045852333-procexp.exe
2026-03-20 17:30:53,492 - core.engine - INFO - Scan finished: BENIGN (Score: 0.0)
2026-03-20 17:30:53,493 - backend.scan_service - INFO - Archivo PE analizado: 1774045852333-procexp.exe | type=pe | result=benign | risk=low | score=0.0000 | inference_time=1.159s
2026-03-20 17:30:53,929 - core.engine - INFO - Scanning file: /tmp/shadownet_uploads/1774045853928-procexp64.exe
2026-03-20 17:30:54,736 - core.engine - INFO - Scan finished: BENIGN (Score: 0.0)
2026-03-20 17:30:54,737 - backend.scan_service - INFO - Archivo PE analizado: 1774045853928-procexp64.exe | type=pe | result=benign | risk=low | score=0.0000 | inference_time=0.808s
2026-03-20 17:31:00,154 - core.engine - INFO - Scanning file: /tmp/shadownet_uploads/1774045860153-procexp64a.exe
2026-03-20 17:31:00,629 - core.engine - INFO - Scan finished: BENIGN (Score: 0.0)
2026-03-20 17:31:00,630 - backend.scan_service - INFO - Archivo PE analizado: 1774045860153-procexp64a.exe | type=pe | result=benign | risk=low | score=0.0000 | inference_time=0.476s
2026-03-20 20:49:15,255 - backend.scan_service - INFO - Inicializando ShadowNetEngine (primera vez)...
2026-03-20 20:49:15,261 - backend.scan_service - INFO - Inicializando ShadowNetEngine (primera vez)...
2026-03-20 20:49:15,262 - models.inference - INFO - Loading model from /home/ivainx18/Documentos/Shadownet_Defender_Extractor_V2/models/best_model.onnx...
2026-03-20 20:49:15,262 - models.inference - INFO - Loading model from /home/ivainx18/Documentos/Shadownet_Defender_Extractor_V2/models/best_model.onnx...
2026-03-20 20:49:15,316 - models.inference - INFO - Loading scaler from /home/ivainx18/Documentos/Shadownet_Defender_Extractor_V2/models/scaler.pkl...
2026-03-20 20:49:15,330 - models.inference - INFO - Loading scaler from /home/ivainx18/Documentos/Shadownet_Defender_Extractor_V2/models/scaler.pkl...
2026-03-20 20:49:16,636 - models.inference - INFO - Model and scaler loaded successfully.
2026-03-20 20:49:16,637 - models.inference - INFO - Model and scaler loaded successfully.
2026-03-20 22:36:31,757 - backend.scan_service - INFO - Inicializando ShadowNetEngine (primera vez)...
2026-03-20 22:36:31,761 - models.inference - INFO - Loading model from /home/ivainx18/Documentos/Shadownet_Defender_Extractor_V2/models/best_model.onnx...
2026-03-20 22:36:31,801 - models.inference - INFO - Loading scaler from /home/ivainx18/Documentos/Shadownet_Defender_Extractor_V2/models/scaler.pkl...
2026-03-20 22:36:33,151 - models.inference - INFO - Model and scaler loaded successfully.
2026-03-20 22:37:40,804 - core.engine - INFO - Scanning file: /tmp/shadownet_uploads/1774064260758-Exam.Environment_1.7.5_amd64.AppImage
2026-03-20 22:37:43,733 - core.engine - WARNING - Non-PE file skipped: /tmp/shadownet_uploads/1774064260758-Exam.Environment_1.7.5_amd64.AppImage
2026-03-20 22:37:43,739 - core.engine - INFO - Scan finished: NOT_PE (Score: -1.0)
2026-03-20 22:37:43,739 - backend.scan_service - INFO - Archivo no PE detectado: 1774064260758-Exam.Environment_1.7.5_amd64.AppImage | type=non_pe | result=suspicious | reason=unsupported_file_type | inference_time=2.936s
2026-03-20 22:39:30,565 - core.engine - INFO - Scanning file: /tmp/shadownet_uploads/1774064370564-procexp64a.exe
2026-03-20 22:39:31,069 - core.engine - INFO - Scan finished: BENIGN (Score: 0.0)
2026-03-20 22:39:31,070 - backend.scan_service - INFO - Archivo PE analizado: 1774064370564-procexp64a.exe | type=pe | result=benign | risk=low | score=0.0000 | inference_time=0.506s
2026-03-20 22:40:23,868 - core.engine - INFO - Scanning file: /tmp/shadownet_uploads/1774064423863-procexp.exe
2026-03-20 22:40:25,121 - core.engine - INFO - Scan finished: BENIGN (Score: 0.0)
2026-03-20 22:40:25,122 - backend.scan_service - INFO - Archivo PE analizado: 1774064423863-procexp.exe | type=pe | result=benign | risk=low | score=0.0000 | inference_time=1.255s
2026-03-20 23:20:46,180 - backend.scan_service - INFO - Inicializando ShadowNetEngine (primera vez)...
2026-03-20 23:20:46,187 - models.inference - INFO - Loading model from /home/ivainx18/Documentos/Shadownet_Defender_Extractor_V2/models/best_model.onnx...
2026-03-20 23:20:46,227 - models.inference - INFO - Loading scaler from /home/ivainx18/Documentos/Shadownet_Defender_Extractor_V2/models/scaler.pkl...
2026-03-20 23:20:47,461 - models.inference - INFO - Model and scaler loaded successfully.
2026-04-23 09:29:05,745 - backend.scan_service - INFO - Inicializando ShadowNetEngine (primera vez)...
2026-04-23 09:29:05,759 - models.inference - INFO - Loading model from /home/ivainx18/Escritorio/Shadownet_Defender_Extractor_V2/models/best_model.onnx...
2026-04-23 09:29:05,796 - models.inference - INFO - Loading scaler from /home/ivainx18/Escritorio/Shadownet_Defender_Extractor_V2/models/scaler.pkl...
2026-04-23 09:29:06,867 - models.inference - INFO - Model and scaler loaded successfully.
2026-04-23 09:57:08,212 - backend.scan_service - INFO - Inicializando ShadowNetEngine (primera vez)...
2026-04-23 09:57:08,217 - models.inference - INFO - Loading model from /home/ivainx18/Escritorio/Shadownet_Defender_Extractor_V2/models/best_model.onnx...
2026-04-23 09:57:08,257 - models.inference - INFO - Loading scaler from /home/ivainx18/Escritorio/Shadownet_Defender_Extractor_V2/models/scaler.pkl...
2026-04-23 09:57:09,296 - models.inference - INFO - Model and scaler loaded successfully.
2026-04-23 10:02:20,677 - backend.scan_service - INFO - Inicializando ShadowNetEngine (primera vez)...
2026-04-23 10:02:20,681 - models.inference - INFO - Loading model from /home/ivainx18/Escritorio/Shadownet_Defender_Extractor_V2/models/best_model.onnx...
2026-04-23 10:02:20,694 - models.inference - INFO - Loading scaler from /home/ivainx18/Escritorio/Shadownet_Defender_Extractor_V2/models/scaler.pkl...
2026-04-23 10:02:21,493 - models.inference - INFO - Model and scaler loaded successfully.
2026-04-23 10:04:08,012 - core.engine - INFO - Scanning file: /tmp/shadownet_uploads/1776956648011-procexp64.exe
2026-04-23 10:04:08,894 - core.engine - INFO - Scan finished: BENIGN (Score: 0.0)
2026-04-23 10:04:08,895 - backend.scan_service - INFO - Archivo PE analizado: 1776956648011-procexp64.exe | type=pe | result=benign | risk=low | score=0.0000 | inference_time=0.883s
2026-04-23 10:05:52,280 - backend.scan_service - INFO - Inicializando ShadowNetEngine (primera vez)...
2026-04-23 10:05:52,286 - models.inference - INFO - Loading model from /home/ivainx18/Escritorio/Shadownet_Defender_Extractor_V2/models/best_model.onnx...
2026-04-23 10:05:52,298 - models.inference - INFO - Loading scaler from /home/ivainx18/Escritorio/Shadownet_Defender_Extractor_V2/models/scaler.pkl...
2026-04-23 10:05:53,232 - models.inference - INFO - Model and scaler loaded successfully.
2026-04-23 10:07:22,142 - core.engine - INFO - Scanning file: /tmp/shadownet_uploads/1776956842138-procexp.exe
2026-04-23 10:07:23,534 - core.engine - INFO - Scan finished: BENIGN (Score: 0.0)
2026-04-23 10:07:23,536 - backend.scan_service - INFO - Archivo PE analizado: 1776956842138-procexp.exe | type=pe | result=benign | risk=low | score=0.0000 | inference_time=1.395s
2026-04-23 10:08:06,922 - core.engine - INFO - Scanning file: /tmp/shadownet_uploads/1776956886921-procexp64.exe
2026-04-23 10:08:07,945 - core.engine - INFO - Scan finished: BENIGN (Score: 0.0)
2026-04-23 10:08:07,946 - backend.scan_service - INFO - Archivo PE analizado: 1776956886921-procexp64.exe | type=pe | result=benign | risk=low | score=0.0000 | inference_time=1.024s
2026-05-12 09:44:20,321 - backend.scan_service - INFO - Inicializando ShadowNetEngine (primera vez)...
2026-05-12 09:44:20,345 - models.inference - INFO - Loading model from /home/ivainx18/Escritorio/Shadownet_Defender_Extractor_V2/models/best_model.onnx...
2026-05-12 09:44:20,538 - models.inference - INFO - Loading scaler from /home/ivainx18/Escritorio/Shadownet_Defender_Extractor_V2/models/scaler.pkl...
2026-05-12 09:44:27,681 - models.inference - INFO - Model and scaler loaded successfully.
2026-05-12 10:07:46,415 - core.engine - INFO - Scanning file: /tmp/shadownet_uploads/1778598466413-procexp.exe
2026-05-12 10:07:49,081 - core.engine - INFO - Scan finished: BENIGN (Score: 0.0)
2026-05-12 10:07:49,082 - backend.scan_service - INFO - Archivo PE analizado: 1778598466413-procexp.exe | type=pe | result=benign | risk=low | score=0.0000 | inference_time=2.667s
2026-06-24 11:08:08,745 - extractors.extractor - WARNING - pefile: parseo estricto falló para /tmp/tmp6v3ska_i.exe ('Invalid e_lfanew value, probably not a PE file'). Intentando parseo relajado (fast_load)...
2026-06-24 11:27:23,910 - security.yara_scanner - ERROR - Error compilando reglas YARA: /home/ivainx18/Escritorio/Shadownet_Defender_Extractor_V2/security/yara_rules/worms.yar(76): unreferenced string "$str_bot"
2026-06-24 11:27:23,938 - core.unpacking - INFO - Binario UPX no encontrado. El desempacado estará deshabilitado. Para habilitarlo: sudo apt install upx-ucl
2026-06-24 11:27:24,664 - models.inference - INFO - Loading model from /home/ivainx18/Escritorio/Shadownet_Defender_Extractor_V2/models/best_model.onnx...
2026-06-24 11:27:24,697 - models.inference - INFO - Loading scaler from /home/ivainx18/Escritorio/Shadownet_Defender_Extractor_V2/models/scaler.pkl...
2026-06-24 11:27:25,763 - models.inference - INFO - Model and scaler loaded successfully.
2026-06-24 11:27:25,765 - core.engine - INFO - Modelo ONNX cargado correctamente.
2026-06-24 11:27:25,769 - security.yara_scanner - ERROR - Error compilando reglas YARA: /home/ivainx18/Escritorio/Shadownet_Defender_Extractor_V2/security/yara_rules/worms.yar(76): unreferenced string "$str_bot"
2026-06-24 11:27:25,770 - core.engine - WARNING - YARA scanner inactivo — no hay reglas cargadas. Agrega archivos .yar en security/yara_rules/
2026-06-24 11:27:25,773 - core.unpacking - INFO - Binario UPX no encontrado. El desempacado estará deshabilitado. Para habilitarlo: sudo apt install upx-ucl
2026-06-24 11:27:25,824 - core.engine - INFO - Extrayendo features de: procexp64.exe
2026-06-24 11:27:26,315 - core.engine - INFO - Escaneo completo: procexp64.exe | label=BENIGN | score=0.0000 | phases=['ML_STATIC'] | time=542ms
2026-06-24 11:29:43,927 - security.yara_scanner - ERROR - Error compilando reglas YARA: /home/ivainx18/Escritorio/Shadownet_Defender_Extractor_V2/security/yara_rules/worms.yar(76): unreferenced string "$str_telnet"
2026-06-24 11:29:43,955 - core.unpacking - INFO - Binario UPX no encontrado. El desempacado estará deshabilitado. Para habilitarlo: sudo apt install upx-ucl
2026-06-24 11:29:44,684 - models.inference - INFO - Loading model from /home/ivainx18/Escritorio/Shadownet_Defender_Extractor_V2/models/best_model.onnx...
2026-06-24 11:29:44,697 - models.inference - INFO - Loading scaler from /home/ivainx18/Escritorio/Shadownet_Defender_Extractor_V2/models/scaler.pkl...
2026-06-24 11:29:45,768 - models.inference - INFO - Model and scaler loaded successfully.
2026-06-24 11:29:45,771 - core.engine - INFO - Modelo ONNX cargado correctamente.
2026-06-24 11:29:45,774 - security.yara_scanner - ERROR - Error compilando reglas YARA: /home/ivainx18/Escritorio/Shadownet_Defender_Extractor_V2/security/yara_rules/worms.yar(76): unreferenced string "$str_telnet"
2026-06-24 11:29:45,775 - core.engine - WARNING - YARA scanner inactivo — no hay reglas cargadas. Agrega archivos .yar en security/yara_rules/
2026-06-24 11:29:45,779 - core.unpacking - INFO - Binario UPX no encontrado. El desempacado estará deshabilitado. Para habilitarlo: sudo apt install upx-ucl
2026-06-24 11:29:45,858 - core.engine - INFO - Extrayendo features de: procexp64.exe
2026-06-24 11:29:46,476 - core.engine - INFO - Escaneo completo: procexp64.exe | label=BENIGN | score=0.0000 | phases=['ML_STATIC'] | time=696ms
2026-06-24 11:30:13,547 - security.yara_scanner - ERROR - Error compilando reglas YARA: /home/ivainx18/Escritorio/Shadownet_Defender_Extractor_V2/security/yara_rules/worms.yar(42): unreferenced string "$str_smb1"
2026-06-24 11:30:13,590 - core.unpacking - INFO - Binario UPX no encontrado. El desempacado estará deshabilitado. Para habilitarlo: sudo apt install upx-ucl
2026-06-24 11:30:14,328 - models.inference - INFO - Loading model from /home/ivainx18/Escritorio/Shadownet_Defender_Extractor_V2/models/best_model.onnx...
2026-06-24 11:30:14,346 - models.inference - INFO - Loading scaler from /home/ivainx18/Escritorio/Shadownet_Defender_Extractor_V2/models/scaler.pkl...
2026-06-24 11:30:15,779 - models.inference - INFO - Model and scaler loaded successfully.
2026-06-24 11:30:15,788 - core.engine - INFO - Modelo ONNX cargado correctamente.
2026-06-24 11:30:15,797 - security.yara_scanner - ERROR - Error compilando reglas YARA: /home/ivainx18/Escritorio/Shadownet_Defender_Extractor_V2/security/yara_rules/worms.yar(42): unreferenced string "$str_smb1"
2026-06-24 11:30:15,803 - core.engine - WARNING - YARA scanner inactivo — no hay reglas cargadas. Agrega archivos .yar en security/yara_rules/
2026-06-24 11:30:15,807 - core.unpacking - INFO - Binario UPX no encontrado. El desempacado estará deshabilitado. Para habilitarlo: sudo apt install upx-ucl
2026-06-24 11:30:15,957 - core.engine - INFO - Extrayendo features de: procexp64.exe
2026-06-24 11:30:16,682 - core.engine - INFO - Escaneo completo: procexp64.exe | label=BENIGN | score=0.0000 | phases=['ML_STATIC'] | time=872ms
2026-06-24 11:30:55,387 - security.yara_scanner - ERROR - Error compilando reglas YARA: /home/ivainx18/Escritorio/Shadownet_Defender_Extractor_V2/security/yara_rules/trojans.yar(74): unreferenced string "$str_server"
2026-06-24 11:30:55,419 - core.unpacking - INFO - Binario UPX no encontrado. El desempacado estará deshabilitado. Para habilitarlo: sudo apt install upx-ucl
2026-06-24 11:30:56,160 - models.inference - INFO - Loading model from /home/ivainx18/Escritorio/Shadownet_Defender_Extractor_V2/models/best_model.onnx...
2026-06-24 11:30:56,182 - models.inference - INFO - Loading scaler from /home/ivainx18/Escritorio/Shadownet_Defender_Extractor_V2/models/scaler.pkl...
2026-06-24 11:30:57,345 - models.inference - INFO - Model and scaler loaded successfully.
2026-06-24 11:30:57,350 - core.engine - INFO - Modelo ONNX cargado correctamente.
2026-06-24 11:30:57,353 - security.yara_scanner - ERROR - Error compilando reglas YARA: /home/ivainx18/Escritorio/Shadownet_Defender_Extractor_V2/security/yara_rules/trojans.yar(74): unreferenced string "$str_server"
2026-06-24 11:30:57,354 - core.engine - WARNING - YARA scanner inactivo — no hay reglas cargadas. Agrega archivos .yar en security/yara_rules/
2026-06-24 11:30:57,355 - core.unpacking - INFO - Binario UPX no encontrado. El desempacado estará deshabilitado. Para habilitarlo: sudo apt install upx-ucl
2026-06-24 11:30:57,435 - core.engine - INFO - Extrayendo features de: procexp64.exe
2026-06-24 11:30:58,182 - core.engine - INFO - Escaneo completo: procexp64.exe | label=BENIGN | score=0.0000 | phases=['ML_STATIC'] | time=826ms
2026-06-24 11:31:33,282 - security.yara_scanner - ERROR - Error compilando reglas YARA: /home/ivainx18/Escritorio/Shadownet_Defender_Extractor_V2/security/yara_rules/trojans.yar(42): unreferenced string "$str_c21"
2026-06-24 11:31:33,322 - core.unpacking - INFO - Binario UPX no encontrado. El desempacado estará deshabilitado. Para habilitarlo: sudo apt install upx-ucl
2026-06-24 11:31:34,048 - models.inference - INFO - Loading model from /home/ivainx18/Escritorio/Shadownet_Defender_Extractor_V2/models/best_model.onnx...
2026-06-24 11:31:34,064 - models.inference - INFO - Loading scaler from /home/ivainx18/Escritorio/Shadownet_Defender_Extractor_V2/models/scaler.pkl...
2026-06-24 11:31:35,101 - models.inference - INFO - Model and scaler loaded successfully.
2026-06-24 11:31:35,103 - core.engine - INFO - Modelo ONNX cargado correctamente.
2026-06-24 11:31:35,111 - security.yara_scanner - ERROR - Error compilando reglas YARA: /home/ivainx18/Escritorio/Shadownet_Defender_Extractor_V2/security/yara_rules/trojans.yar(42): unreferenced string "$str_c21"
2026-06-24 11:31:35,113 - core.engine - WARNING - YARA scanner inactivo — no hay reglas cargadas. Agrega archivos .yar en security/yara_rules/
2026-06-24 11:31:35,114 - core.unpacking - INFO - Binario UPX no encontrado. El desempacado estará deshabilitado. Para habilitarlo: sudo apt install upx-ucl
2026-06-24 11:31:35,218 - core.engine - INFO - Extrayendo features de: procexp64.exe
2026-06-24 11:31:36,062 - core.engine - INFO - Escaneo completo: procexp64.exe | label=BENIGN | score=0.0000 | phases=['ML_STATIC'] | time=948ms
2026-06-24 11:32:14,110 - security.yara_scanner - WARNING - YARA: Error compilando trojans.yar (se omite): /home/ivainx18/Escritorio/Shadownet_Defender_Extractor_V2/security/yara_rules/trojans.yar(42): unreferenced string "$str_c21"
2026-06-24 11:32:14,140 - security.yara_scanner - WARNING - YARA: Error compilando ransomware.yar (se omite): /home/ivainx18/Escritorio/Shadownet_Defender_Extractor_V2/security/yara_rules/ransomware.yar(134): unreferenced string "$api_del"
2026-06-24 11:32:14,146 - security.yara_scanner - WARNING - YARA: Error compilando spyware.yar (se omite): /home/ivainx18/Escritorio/Shadownet_Defender_Extractor_V2/security/yara_rules/spyware.yar(115): unreferenced string "$str_exfil2"
2026-06-24 11:32:14,161 - security.yara_scanner - INFO - YARA: 1/4 archivo(s) de reglas cargados exitosamente (3 con errores omitidos).
2026-06-24 11:32:14,179 - core.unpacking - INFO - Binario UPX no encontrado. El desempacado estará deshabilitado. Para habilitarlo: sudo apt install upx-ucl
2026-06-24 11:32:14,848 - models.inference - INFO - Loading model from /home/ivainx18/Escritorio/Shadownet_Defender_Extractor_V2/models/best_model.onnx...
2026-06-24 11:32:14,864 - models.inference - INFO - Loading scaler from /home/ivainx18/Escritorio/Shadownet_Defender_Extractor_V2/models/scaler.pkl...
2026-06-24 11:32:16,034 - models.inference - INFO - Model and scaler loaded successfully.
2026-06-24 11:32:16,038 - core.engine - INFO - Modelo ONNX cargado correctamente.
2026-06-24 11:32:16,048 - security.yara_scanner - WARNING - YARA: Error compilando trojans.yar (se omite): /home/ivainx18/Escritorio/Shadownet_Defender_Extractor_V2/security/yara_rules/trojans.yar(42): unreferenced string "$str_c21"
2026-06-24 11:32:16,051 - security.yara_scanner - WARNING - YARA: Error compilando ransomware.yar (se omite): /home/ivainx18/Escritorio/Shadownet_Defender_Extractor_V2/security/yara_rules/ransomware.yar(134): unreferenced string "$api_del"
2026-06-24 11:32:16,057 - security.yara_scanner - WARNING - YARA: Error compilando spyware.yar (se omite): /home/ivainx18/Escritorio/Shadownet_Defender_Extractor_V2/security/yara_rules/spyware.yar(115): unreferenced string "$str_exfil2"
2026-06-24 11:32:16,079 - security.yara_scanner - INFO - YARA: 1/4 archivo(s) de reglas cargados exitosamente (3 con errores omitidos).
2026-06-24 11:32:16,081 - core.engine - INFO - YARA scanner activo con 1 archivo(s) de reglas.
2026-06-24 11:32:16,083 - core.unpacking - INFO - Binario UPX no encontrado. El desempacado estará deshabilitado. Para habilitarlo: sudo apt install upx-ucl
2026-06-24 11:32:16,164 - core.engine - INFO - Extrayendo features de: procexp64.exe
2026-06-24 11:32:16,947 - core.engine - INFO - Escaneo completo: procexp64.exe | label=BENIGN | score=0.0000 | phases=['YARA', 'ML_STATIC'] | time=863ms
2026-06-24 11:33:00,425 - security.yara_scanner - WARNING - YARA: Error compilando ransomware.yar (se omite): /home/ivainx18/Escritorio/Shadownet_Defender_Extractor_V2/security/yara_rules/ransomware.yar(40): unreferenced string "$str_wmi"
2026-06-24 11:33:00,447 - security.yara_scanner - WARNING - YARA: Error compilando spyware.yar (se omite): /home/ivainx18/Escritorio/Shadownet_Defender_Extractor_V2/security/yara_rules/spyware.yar(80): unreferenced string "$str_token"
2026-06-24 11:33:00,478 - security.yara_scanner - INFO - YARA: 2/4 archivo(s) de reglas cargados exitosamente (2 con errores omitidos).
2026-06-24 11:33:00,511 - core.unpacking - INFO - Binario UPX no encontrado. El desempacado estará deshabilitado. Para habilitarlo: sudo apt install upx-ucl
2026-06-24 11:33:01,269 - models.inference - INFO - Loading model from /home/ivainx18/Escritorio/Shadownet_Defender_Extractor_V2/models/best_model.onnx...
2026-06-24 11:33:01,297 - models.inference - INFO - Loading scaler from /home/ivainx18/Escritorio/Shadownet_Defender_Extractor_V2/models/scaler.pkl...
2026-06-24 11:33:03,405 - models.inference - INFO - Model and scaler loaded successfully.
2026-06-24 11:33:03,411 - core.engine - INFO - Modelo ONNX cargado correctamente.
2026-06-24 11:33:03,428 - security.yara_scanner - WARNING - YARA: Error compilando ransomware.yar (se omite): /home/ivainx18/Escritorio/Shadownet_Defender_Extractor_V2/security/yara_rules/ransomware.yar(40): unreferenced string "$str_wmi"
2026-06-24 11:33:03,436 - security.yara_scanner - WARNING - YARA: Error compilando spyware.yar (se omite): /home/ivainx18/Escritorio/Shadownet_Defender_Extractor_V2/security/yara_rules/spyware.yar(80): unreferenced string "$str_token"
2026-06-24 11:33:03,480 - security.yara_scanner - INFO - YARA: 2/4 archivo(s) de reglas cargados exitosamente (2 con errores omitidos).
2026-06-24 11:33:03,483 - core.engine - INFO - YARA scanner activo con 2 archivo(s) de reglas.
2026-06-24 11:33:03,488 - core.unpacking - INFO - Binario UPX no encontrado. El desempacado estará deshabilitado. Para habilitarlo: sudo apt install upx-ucl
2026-06-24 11:33:03,597 - core.engine - INFO - Extrayendo features de: procexp64.exe
2026-06-24 11:33:04,379 - core.engine - INFO - Escaneo completo: procexp64.exe | label=BENIGN | score=0.0000 | phases=['YARA', 'ML_STATIC'] | time=889ms
2026-06-24 11:33:31,785 - security.yara_scanner - WARNING - YARA: Error compilando spyware.yar (se omite): /home/ivainx18/Escritorio/Shadownet_Defender_Extractor_V2/security/yara_rules/spyware.yar(44): unreferenced string "$str_klog1"
2026-06-24 11:33:31,841 - security.yara_scanner - INFO - YARA: 3/4 archivo(s) de reglas cargados exitosamente (1 con errores omitidos).
2026-06-24 11:33:31,868 - core.unpacking - INFO - Binario UPX no encontrado. El desempacado estará deshabilitado. Para habilitarlo: sudo apt install upx-ucl
2026-06-24 11:33:32,592 - models.inference - INFO - Loading model from /home/ivainx18/Escritorio/Shadownet_Defender_Extractor_V2/models/best_model.onnx...
2026-06-24 11:33:32,613 - models.inference - INFO - Loading scaler from /home/ivainx18/Escritorio/Shadownet_Defender_Extractor_V2/models/scaler.pkl...
2026-06-24 11:33:33,753 - models.inference - INFO - Model and scaler loaded successfully.
2026-06-24 11:33:33,759 - core.engine - INFO - Modelo ONNX cargado correctamente.
2026-06-24 11:33:33,787 - security.yara_scanner - WARNING - YARA: Error compilando spyware.yar (se omite): /home/ivainx18/Escritorio/Shadownet_Defender_Extractor_V2/security/yara_rules/spyware.yar(44): unreferenced string "$str_klog1"
2026-06-24 11:33:33,823 - security.yara_scanner - INFO - YARA: 3/4 archivo(s) de reglas cargados exitosamente (1 con errores omitidos).
2026-06-24 11:33:33,825 - core.engine - INFO - YARA scanner activo con 3 archivo(s) de reglas.
2026-06-24 11:33:33,825 - core.unpacking - INFO - Binario UPX no encontrado. El desempacado estará deshabilitado. Para habilitarlo: sudo apt install upx-ucl
2026-06-24 11:33:33,958 - core.engine - INFO - Extrayendo features de: procexp64.exe
2026-06-24 11:33:34,628 - core.engine - INFO - Escaneo completo: procexp64.exe | label=BENIGN | score=0.0000 | phases=['YARA', 'ML_STATIC'] | time=802ms
2026-06-24 11:33:54,617 - security.yara_scanner - INFO - YARA: 4/4 archivo(s) de reglas cargados exitosamente.
2026-06-24 11:33:54,674 - core.unpacking - INFO - Binario UPX no encontrado. El desempacado estará deshabilitado. Para habilitarlo: sudo apt install upx-ucl
2026-06-24 11:33:55,401 - models.inference - INFO - Loading model from /home/ivainx18/Escritorio/Shadownet_Defender_Extractor_V2/models/best_model.onnx...
2026-06-24 11:33:55,426 - models.inference - INFO - Loading scaler from /home/ivainx18/Escritorio/Shadownet_Defender_Extractor_V2/models/scaler.pkl...
2026-06-24 11:33:56,529 - models.inference - INFO - Model and scaler loaded successfully.
2026-06-24 11:33:56,535 - core.engine - INFO - Modelo ONNX cargado correctamente.
2026-06-24 11:33:56,606 - security.yara_scanner - INFO - YARA: 4/4 archivo(s) de reglas cargados exitosamente.
2026-06-24 11:33:56,609 - core.engine - INFO - YARA scanner activo con 4 archivo(s) de reglas.
2026-06-24 11:33:56,611 - core.unpacking - INFO - Binario UPX no encontrado. El desempacado estará deshabilitado. Para habilitarlo: sudo apt install upx-ucl
2026-06-24 11:33:56,621 - security.yara_scanner - WARNING - YARA: 1 regla(s) coincidieron en procexp64.exe — Amenazas: ['Keylogger_Generic']
2026-06-24 11:33:56,628 - core.engine - WARNING - YARA: Amenaza confirmada en procexp64.exe — Reglas: ['Keylogger_Generic'] | Categorías: ['spyware']
2026-06-24 11:49:13,243 - core.unpacking - INFO - Archivo empacado con UPX detectado: procexp64_packed.exe
2026-06-24 11:49:13,278 - core.unpacking - INFO - Desempacado UPX exitoso: procexp64_packed.exe → unpacked_procexp64_packed.exe (952.0 KB → 2349.5 KB)
2026-06-24 11:49:13,588 - models.inference - INFO - Loading model from /home/ivainx18/Escritorio/Shadownet_Defender_Extractor_V2/models/best_model.onnx...
2026-06-24 11:49:13,626 - models.inference - INFO - Loading scaler from /home/ivainx18/Escritorio/Shadownet_Defender_Extractor_V2/models/scaler.pkl...
2026-06-24 11:49:15,116 - models.inference - INFO - Model and scaler loaded successfully.
2026-06-24 11:49:15,119 - core.engine - INFO - Modelo ONNX cargado correctamente.
2026-06-24 11:49:15,185 - security.yara_scanner - INFO - YARA: 4/4 archivo(s) de reglas cargados exitosamente.
2026-06-24 11:49:15,191 - core.engine - INFO - YARA scanner activo con 4 archivo(s) de reglas.
2026-06-24 11:49:15,200 - security.yara_scanner - WARNING - YARA: 1 regla(s) coincidieron en procexp64.exe — Amenazas: ['Keylogger_Generic']
2026-06-24 11:49:15,202 - core.engine - WARNING - YARA: Amenaza confirmada en procexp64.exe — Reglas: ['Keylogger_Generic'] | Categorías: ['spyware']
2026-06-24 11:49:15,214 - core.unpacking - INFO - Archivo empacado con UPX detectado: procexp64_packed.exe
2026-06-24 11:49:15,240 - core.unpacking - INFO - Desempacado UPX exitoso: procexp64_packed.exe → unpacked_procexp64_packed.exe (952.0 KB → 2349.5 KB)
2026-06-24 11:49:15,241 - core.engine - INFO - Analizando PE desempacado: procexp64_packed.exe → unpacked_procexp64_packed.exe
2026-06-24 11:49:15,241 - core.engine - INFO - Extrayendo features de: unpacked_procexp64_packed.exe
2026-06-24 11:49:15,975 - core.engine - INFO - Escaneo completo: procexp64_packed.exe | label=BENIGN | score=0.0000 | phases=['YARA', 'UPX_DETECT', 'UPX_UNPACK', 'ML_STATIC'] | time=769ms
2026-06-24 11:49:16,528 - security.yara_scanner - INFO - YARA: 4/4 archivo(s) de reglas cargados exitosamente.
2026-06-24 11:49:16,540 - security.yara_scanner - WARNING - YARA: 1 regla(s) coincidieron en procexp64.exe — Amenazas: ['Keylogger_Generic']
2026-06-24 12:05:59,023 - core.integrations.n8n_client - INFO - [ShadowNet-N8N] Malware alert enviado: malware.exe (HTTP 200)
2026-06-24 12:05:59,055 - core.integrations.n8n_client - ERROR - [ShadowNet-N8N] Error enviando alerta: <urlopen error Connection refused>
2026-06-24 12:08:15,000 - extractors.extractor - WARNING - pefile: parseo estricto falló para /tmp/pytest-of-ivainx18/pytest-0/test_raw_fallback_non_pe0/test.txt ('DOS Header magic not found.'). Intentando parseo relajado (fast_load)...
2026-06-24 12:08:15,020 - extractors.extractor - ERROR - pefile: ambos modos de parseo fallaron para /tmp/pytest-of-ivainx18/pytest-0/test_raw_fallback_non_pe0/test.txt. Error estricto: 'DOS Header magic not found.' | Error relajado: 'DOS Header magic not found.'
2026-06-24 12:08:15,021 - extractors.extractor - INFO - Extracción completada: test.txt | modo=RAW_FALLBACK | ratio_analizado=100.0% | packer_detectado=False | tiempo=38.4ms
2026-06-24 12:08:15,314 - extractors.extractor - WARNING - pefile: parseo estricto falló para /tmp/pytest-of-ivainx18/pytest-0/test_distributed_sampling0/large_file.bin ('Invalid NT Headers signature.'). Intentando parseo relajado (fast_load)...
2026-06-24 12:08:15,324 - extractors.extractor - ERROR - pefile: ambos modos de parseo fallaron para /tmp/pytest-of-ivainx18/pytest-0/test_distributed_sampling0/large_file.bin. Error estricto: 'Invalid NT Headers signature.' | Error relajado: 'Invalid NT Headers signature.'
2026-06-24 12:08:15,779 - extractors.extractor - INFO - Extracción completada: large_file.bin | modo=RAW_FALLBACK | ratio_analizado=83.3% | packer_detectado=False | tiempo=740.1ms
2026-06-24 12:08:15,811 - extractors.extractor - WARNING - pefile: parseo estricto falló para /tmp/pytest-of-ivainx18/pytest-0/test_packer_detection0/upx_file.bin ('Invalid NT Headers signature.'). Intentando parseo relajado (fast_load)...
2026-06-24 12:08:15,825 - extractors.extractor - ERROR - pefile: ambos modos de parseo fallaron para /tmp/pytest-of-ivainx18/pytest-0/test_packer_detection0/upx_file.bin. Error estricto: 'Invalid NT Headers signature.' | Error relajado: 'Invalid NT Headers signature.'
2026-06-24 12:08:15,827 - extractors.extractor - INFO - Extracción completada: upx_file.bin | modo=RAW_FALLBACK | ratio_analizado=100.0% | packer_detectado=True | tiempo=29.6ms
2026-06-24 12:08:23,543 - extractors.extractor - WARNING - pefile: parseo estricto falló para /tmp/pytest-of-ivainx18/pytest-1/test_raw_fallback_non_pe0/test.txt ('DOS Header magic not found.'). Intentando parseo relajado (fast_load)...
2026-06-24 12:08:23,565 - extractors.extractor - ERROR - pefile: ambos modos de parseo fallaron para /tmp/pytest-of-ivainx18/pytest-1/test_raw_fallback_non_pe0/test.txt. Error estricto: 'DOS Header magic not found.' | Error relajado: 'DOS Header magic not found.'
2026-06-24 12:08:23,567 - extractors.extractor - INFO - Extracción completada: test.txt | modo=RAW_FALLBACK | ratio_analizado=100.0% | packer_detectado=False | tiempo=37.9ms
2026-06-24 12:08:23,912 - extractors.extractor - WARNING - pefile: parseo estricto falló para /tmp/pytest-of-ivainx18/pytest-1/test_distributed_sampling0/large_file.bin ('Invalid NT Headers signature.'). Intentando parseo relajado (fast_load)...
2026-06-24 12:08:23,932 - extractors.extractor - ERROR - pefile: ambos modos de parseo fallaron para /tmp/pytest-of-ivainx18/pytest-1/test_distributed_sampling0/large_file.bin. Error estricto: 'Invalid NT Headers signature.' | Error relajado: 'Invalid NT Headers signature.'
2026-06-24 12:08:24,449 - extractors.extractor - INFO - Extracción completada: large_file.bin | modo=RAW_FALLBACK | ratio_analizado=83.3% | packer_detectado=False | tiempo=866.9ms
2026-06-24 12:08:24,474 - extractors.extractor - WARNING - pefile: parseo estricto falló para /tmp/pytest-of-ivainx18/pytest-1/test_packer_detection0/upx_file.bin ('Invalid NT Headers signature.'). Intentando parseo relajado (fast_load)...
2026-06-24 12:08:24,493 - extractors.extractor - ERROR - pefile: ambos modos de parseo fallaron para /tmp/pytest-of-ivainx18/pytest-1/test_packer_detection0/upx_file.bin. Error estricto: 'Invalid NT Headers signature.' | Error relajado: 'Invalid NT Headers signature.'
2026-06-24 12:08:24,494 - extractors.extractor - INFO - Extracción completada: upx_file.bin | modo=RAW_FALLBACK | ratio_analizado=100.0% | packer_detectado=True | tiempo=37.2ms
2026-06-24 12:08:36,277 - extractors.extractor - WARNING - pefile: parseo estricto falló para /tmp/pytest-of-ivainx18/pytest-2/test_raw_fallback_non_pe0/test.txt ('DOS Header magic not found.'). Intentando parseo relajado (fast_load)...
2026-06-24 12:08:36,308 - extractors.extractor - ERROR - pefile: ambos modos de parseo fallaron para /tmp/pytest-of-ivainx18/pytest-2/test_raw_fallback_non_pe0/test.txt. Error estricto: 'DOS Header magic not found.' | Error relajado: 'DOS Header magic not found.'
2026-06-24 12:08:36,310 - extractors.extractor - INFO - Extracción completada: test.txt | modo=RAW_FALLBACK | ratio_analizado=100.0% | packer_detectado=False | tiempo=59.4ms
2026-06-24 12:08:36,645 - extractors.extractor - WARNING - pefile: parseo estricto falló para /tmp/pytest-of-ivainx18/pytest-2/test_distributed_sampling0/large_file.bin ('Invalid NT Headers signature.'). Intentando parseo relajado (fast_load)...
2026-06-24 12:08:36,667 - extractors.extractor - ERROR - pefile: ambos modos de parseo fallaron para /tmp/pytest-of-ivainx18/pytest-2/test_distributed_sampling0/large_file.bin. Error estricto: 'Invalid NT Headers signature.' | Error relajado: 'Invalid NT Headers signature.'
2026-06-24 12:08:37,080 - extractors.extractor - INFO - Extracción completada: large_file.bin | modo=RAW_FALLBACK | ratio_analizado=83.3% | packer_detectado=False | tiempo=754.4ms
2026-06-24 12:08:37,113 - extractors.extractor - WARNING - pefile: parseo estricto falló para /tmp/pytest-of-ivainx18/pytest-2/test_packer_detection0/upx_file.bin ('Invalid NT Headers signature.'). Intentando parseo relajado (fast_load)...
2026-06-24 12:08:37,146 - extractors.extractor - ERROR - pefile: ambos modos de parseo fallaron para /tmp/pytest-of-ivainx18/pytest-2/test_packer_detection0/upx_file.bin. Error estricto: 'Invalid NT Headers signature.' | Error relajado: 'Invalid NT Headers signature.'
2026-06-24 12:08:37,148 - extractors.extractor - INFO - Extracción completada: upx_file.bin | modo=RAW_FALLBACK | ratio_analizado=100.0% | packer_detectado=True | tiempo=64.4ms
2026-06-24 12:08:37,154 - core.integrations.n8n_client - INFO - [ShadowNet-N8N] Malware alert enviado: malware.exe (HTTP 200)
2026-06-24 12:08:37,156 - core.integrations.n8n_client - ERROR - [ShadowNet-N8N] Error enviando alerta: <urlopen error Connection refused>
2026-06-24 12:09:00,089 - models.inference - INFO - Loading model from /home/ivainx18/Escritorio/Shadownet_Defender_Extractor_V2/models/best_model.onnx...
2026-06-24 12:09:00,132 - models.inference - INFO - Loading scaler from /home/ivainx18/Escritorio/Shadownet_Defender_Extractor_V2/models/scaler.pkl...
2026-06-24 12:09:01,350 - models.inference - INFO - Model and scaler loaded successfully.
2026-06-24 12:09:01,351 - core.engine - INFO - Modelo ONNX cargado correctamente.
2026-06-24 12:09:01,390 - security.yara_scanner - INFO - YARA: 4/4 archivo(s) de reglas cargados exitosamente.
2026-06-24 12:09:01,393 - core.engine - INFO - YARA scanner activo con 4 archivo(s) de reglas.
2026-06-24 12:09:01,406 - security.yara_scanner - WARNING - YARA: 1 regla(s) coincidieron en procexp64.exe — Amenazas: ['Keylogger_Generic']
2026-06-24 12:09:01,408 - core.engine - WARNING - YARA: Amenaza confirmada en procexp64.exe — Reglas: ['Keylogger_Generic'] | Categorías: ['spyware']
2026-06-24 12:09:17,835 - extractors.extractor - INFO - Extracción completada: procexp64.exe | modo=RAW_FALLBACK | ratio_analizado=100.0% | packer_detectado=False | tiempo=488.1ms
2026-06-24 12:09:17,869 - extractors.extractor - WARNING - pefile: parseo estricto falló para samples/plain_text.txt ('DOS Header magic not found.'). Intentando parseo relajado (fast_load)...
2026-06-24 12:09:17,876 - extractors.extractor - ERROR - pefile: ambos modos de parseo fallaron para samples/plain_text.txt. Error estricto: 'DOS Header magic not found.' | Error relajado: 'DOS Header magic not found.'
2026-06-24 12:09:17,878 - extractors.extractor - INFO - Extracción completada: plain_text.txt | modo=RAW_FALLBACK | ratio_analizado=100.0% | packer_detectado=False | tiempo=35.4ms
2026-06-24 12:09:18,223 - extractors.extractor - WARNING - pefile: parseo estricto falló para samples/bloated_evasion.bin ('Invalid NT Headers signature.'). Intentando parseo relajado (fast_load)...
2026-06-24 12:09:18,226 - extractors.extractor - ERROR - pefile: ambos modos de parseo fallaron para samples/bloated_evasion.bin. Error estricto: 'Invalid NT Headers signature.' | Error relajado: 'Invalid NT Headers signature.'
2026-06-24 12:09:18,693 - extractors.extractor - INFO - Extracción completada: bloated_evasion.bin | modo=RAW_FALLBACK | ratio_analizado=66.7% | packer_detectado=False | tiempo=788.5ms
2026-06-24 12:09:18,706 - extractors.extractor - WARNING - pefile: parseo estricto falló para samples/packed_upx_simulated.bin ('Invalid NT Headers signature.'). Intentando parseo relajado (fast_load)...
2026-06-24 12:09:18,710 - extractors.extractor - ERROR - pefile: ambos modos de parseo fallaron para samples/packed_upx_simulated.bin. Error estricto: 'Invalid NT Headers signature.' | Error relajado: 'Invalid NT Headers signature.'
2026-06-24 12:09:18,712 - extractors.extractor - INFO - Extracción completada: packed_upx_simulated.bin | modo=RAW_FALLBACK | ratio_analizado=100.0% | packer_detectado=True | tiempo=15.6ms
2026-06-24 12:10:03,543 - extractors.extractor - INFO - Extracción completada: procexp64.exe | modo=PE_STRICT | ratio_analizado=100.0% | packer_detectado=False | tiempo=508.1ms
2026-06-24 12:10:03,586 - extractors.extractor - WARNING - pefile: parseo estricto falló para samples/plain_text.txt ('DOS Header magic not found.'). Intentando parseo relajado (fast_load)...
2026-06-24 12:10:03,592 - extractors.extractor - ERROR - pefile: ambos modos de parseo fallaron para samples/plain_text.txt. Error estricto: 'DOS Header magic not found.' | Error relajado: 'DOS Header magic not found.'
2026-06-24 12:10:03,595 - extractors.extractor - INFO - Extracción completada: plain_text.txt | modo=RAW_FALLBACK | ratio_analizado=100.0% | packer_detectado=False | tiempo=40.5ms
2026-06-24 12:10:04,040 - extractors.extractor - WARNING - pefile: parseo estricto falló para samples/bloated_evasion.bin ('Invalid NT Headers signature.'). Intentando parseo relajado (fast_load)...
2026-06-24 12:10:04,052 - extractors.extractor - ERROR - pefile: ambos modos de parseo fallaron para samples/bloated_evasion.bin. Error estricto: 'Invalid NT Headers signature.' | Error relajado: 'Invalid NT Headers signature.'
2026-06-24 12:10:04,700 - extractors.extractor - INFO - Extracción completada: bloated_evasion.bin | modo=RAW_FALLBACK | ratio_analizado=66.7% | packer_detectado=False | tiempo=1083.4ms
2026-06-24 12:10:04,710 - extractors.extractor - WARNING - pefile: parseo estricto falló para samples/packed_upx_simulated.bin ('Invalid NT Headers signature.'). Intentando parseo relajado (fast_load)...
2026-06-24 12:10:04,722 - extractors.extractor - ERROR - pefile: ambos modos de parseo fallaron para samples/packed_upx_simulated.bin. Error estricto: 'Invalid NT Headers signature.' | Error relajado: 'Invalid NT Headers signature.'
2026-06-24 12:10:04,724 - extractors.extractor - INFO - Extracción completada: packed_upx_simulated.bin | modo=RAW_FALLBACK | ratio_analizado=100.0% | packer_detectado=True | tiempo=18.6ms
2026-06-24 12:10:09,889 - extractors.extractor - WARNING - pefile: parseo estricto falló para /tmp/pytest-of-ivainx18/pytest-3/test_raw_fallback_non_pe0/test.txt ('DOS Header magic not found.'). Intentando parseo relajado (fast_load)...
2026-06-24 12:10:09,954 - extractors.extractor - ERROR - pefile: ambos modos de parseo fallaron para /tmp/pytest-of-ivainx18/pytest-3/test_raw_fallback_non_pe0/test.txt. Error estricto: 'DOS Header magic not found.' | Error relajado: 'DOS Header magic not found.'
2026-06-24 12:10:09,957 - extractors.extractor - INFO - Extracción completada: test.txt | modo=RAW_FALLBACK | ratio_analizado=100.0% | packer_detectado=False | tiempo=105.1ms
2026-06-24 12:10:10,357 - extractors.extractor - WARNING - pefile: parseo estricto falló para /tmp/pytest-of-ivainx18/pytest-3/test_distributed_sampling0/large_file.bin ('Invalid NT Headers signature.'). Intentando parseo relajado (fast_load)...
2026-06-24 12:10:10,374 - extractors.extractor - ERROR - pefile: ambos modos de parseo fallaron para /tmp/pytest-of-ivainx18/pytest-3/test_distributed_sampling0/large_file.bin. Error estricto: 'Invalid NT Headers signature.' | Error relajado: 'Invalid NT Headers signature.'
2026-06-24 12:10:10,965 - extractors.extractor - INFO - Extracción completada: large_file.bin | modo=RAW_FALLBACK | ratio_analizado=83.3% | packer_detectado=False | tiempo=977.1ms
2026-06-24 12:10:10,995 - extractors.extractor - WARNING - pefile: parseo estricto falló para /tmp/pytest-of-ivainx18/pytest-3/test_packer_detection0/upx_file.bin ('Invalid NT Headers signature.'). Intentando parseo relajado (fast_load)...
2026-06-24 12:10:11,019 - extractors.extractor - ERROR - pefile: ambos modos de parseo fallaron para /tmp/pytest-of-ivainx18/pytest-3/test_packer_detection0/upx_file.bin. Error estricto: 'Invalid NT Headers signature.' | Error relajado: 'Invalid NT Headers signature.'
2026-06-24 12:10:11,021 - extractors.extractor - INFO - Extracción completada: upx_file.bin | modo=RAW_FALLBACK | ratio_analizado=100.0% | packer_detectado=True | tiempo=51.0ms
2026-06-24 12:10:14,771 - extractors.extractor - WARNING - pefile: parseo estricto falló para /tmp/pytest-of-ivainx18/pytest-4/test_raw_fallback_non_pe0/test.txt ('DOS Header magic not found.'). Intentando parseo relajado (fast_load)...
2026-06-24 12:10:14,810 - extractors.extractor - ERROR - pefile: ambos modos de parseo fallaron para /tmp/pytest-of-ivainx18/pytest-4/test_raw_fallback_non_pe0/test.txt. Error estricto: 'DOS Header magic not found.' | Error relajado: 'DOS Header magic not found.'
2026-06-24 12:10:14,814 - extractors.extractor - INFO - Extracción completada: test.txt | modo=RAW_FALLBACK | ratio_analizado=100.0% | packer_detectado=False | tiempo=90.3ms
2026-06-24 12:10:15,170 - extractors.extractor - WARNING - pefile: parseo estricto falló para /tmp/pytest-of-ivainx18/pytest-4/test_distributed_sampling0/large_file.bin ('Invalid NT Headers signature.'). Intentando parseo relajado (fast_load)...
2026-06-24 12:10:15,206 - extractors.extractor - ERROR - pefile: ambos modos de parseo fallaron para /tmp/pytest-of-ivainx18/pytest-4/test_distributed_sampling0/large_file.bin. Error estricto: 'Invalid NT Headers signature.' | Error relajado: 'Invalid NT Headers signature.'
2026-06-24 12:10:15,712 - extractors.extractor - INFO - Extracción completada: large_file.bin | modo=RAW_FALLBACK | ratio_analizado=83.3% | packer_detectado=False | tiempo=875.2ms
2026-06-24 12:10:15,761 - extractors.extractor - WARNING - pefile: parseo estricto falló para /tmp/pytest-of-ivainx18/pytest-4/test_packer_detection0/upx_file.bin ('Invalid NT Headers signature.'). Intentando parseo relajado (fast_load)...
2026-06-24 12:10:15,804 - extractors.extractor - ERROR - pefile: ambos modos de parseo fallaron para /tmp/pytest-of-ivainx18/pytest-4/test_packer_detection0/upx_file.bin. Error estricto: 'Invalid NT Headers signature.' | Error relajado: 'Invalid NT Headers signature.'
2026-06-24 12:10:15,806 - extractors.extractor - INFO - Extracción completada: upx_file.bin | modo=RAW_FALLBACK | ratio_analizado=100.0% | packer_detectado=True | tiempo=88.5ms
2026-06-24 12:10:15,812 - core.integrations.n8n_client - INFO - [ShadowNet-N8N] Malware alert enviado: malware.exe (HTTP 200)
2026-06-24 12:10:15,818 - core.integrations.n8n_client - ERROR - [ShadowNet-N8N] Error enviando alerta: <urlopen error Connection refused>
2026-06-24 13:36:25,499 - models.inference - INFO - Loading model from /home/ivainx18/Escritorio/Shadownet_Defender_Extractor_V2/models/best_model.onnx...
2026-06-24 13:36:25,631 - models.inference - INFO - Loading scaler from /home/ivainx18/Escritorio/Shadownet_Defender_Extractor_V2/models/scaler.pkl...
2026-06-24 13:36:29,353 - models.inference - INFO - Model and scaler loaded successfully.
2026-06-24 13:36:29,355 - core.engine - INFO - Modelo ONNX cargado correctamente.
2026-06-24 13:36:29,518 - security.yara_scanner - INFO - YARA: 4/4 archivo(s) de reglas cargados exitosamente.
2026-06-24 13:36:29,533 - core.engine - INFO - YARA scanner activo con 4 archivo(s) de reglas.
2026-06-24 13:36:29,954 - core.engine - INFO - Extrayendo features de: sample1.exe
2026-06-24 13:36:33,734 - extractors.extractor - INFO - Extracción completada: sample1.exe | modo=PE_FASTLOAD | ratio_analizado=50.2% | packer_detectado=True | tiempo=3778.4ms
2026-06-24 13:36:33,755 - core.engine - INFO - Escaneo completo: sample1.exe | label=BENIGN | score=0.0000 | phases=['YARA', 'ML_STATIC'] | time=4207ms
2026-06-24 13:38:35,812 - extractors.extractor - INFO - Extracción completada: sample1.exe | modo=PE_FASTLOAD | ratio_analizado=50.2% | packer_detectado=True | tiempo=1973.1ms
2026-06-24 13:53:54,411 - core.overlay - INFO - Overlay analizado — size=1.0MB ratio=99.6% entropy=-0.0000 embedded_pe=0 installer=no suspicious_strings=0
2026-06-24 13:53:54,751 - core.overlay - INFO - Overlay analizado — size=2.0MB ratio=99.8% entropy=7.9999 embedded_pe=0 installer=no suspicious_strings=0
2026-06-24 13:53:54,797 - core.overlay - INFO - Overlay analizado — size=2.0MB ratio=99.8% entropy=-0.0000 embedded_pe=0 installer=no suspicious_strings=0
2026-06-24 13:53:54,832 - core.overlay - INFO - Overlay analizado — size=1.0MB ratio=99.6% entropy=-0.0000 embedded_pe=0 installer=no suspicious_strings=0
2026-06-24 13:53:54,836 - core.overlay - INFO - Instalador legítimo detectado: NSIS (FP protection activa)
2026-06-24 13:53:54,837 - core.overlay - INFO - Instalador legítimo detectado: InnoSetup (FP protection activa)
2026-06-24 13:53:54,840 - core.heuristics - INFO - Heurística — score=0 level=LOW operational=CLEAN | triggers=0
2026-06-24 13:53:54,841 - core.heuristics - INFO - Heurística — score=120 level=CRITICAL operational=DANGEROUS | triggers=6
2026-06-24 13:53:54,842 - core.heuristics - INFO - Heurística — score=35 level=MEDIUM operational=SUSPICIOUS | triggers=1
2026-06-24 13:53:54,843 - core.heuristics - INFO - Heurística — score=100 level=CRITICAL operational=DANGEROUS | triggers=7
2026-06-24 13:53:54,844 - core.heuristics - INFO - Heurística — score=120 level=CRITICAL operational=DANGEROUS | triggers=6
2026-06-24 13:53:54,845 - core.heuristics - INFO - Heurística — score=0 level=LOW operational=DANGEROUS | triggers=0
2026-06-24 13:53:54,846 - core.heuristics - INFO - Heurística — score=120 level=CRITICAL operational=DANGEROUS | triggers=6
2026-06-24 13:53:54,847 - core.heuristics - INFO - Heurística — score=40 level=MEDIUM operational=SUSPICIOUS | triggers=2
2026-06-24 13:53:54,849 - core.heuristics - INFO - Heurística — score=0 level=LOW operational=CLEAN | triggers=0
2026-06-24 13:53:54,852 - core.heuristics - INFO - Heurística — score=20 level=LOW operational=CLEAN | triggers=1
2026-06-24 13:53:54,876 - core.overlay - INFO - PE embebido en overlay @ offset +10240 | entropy=7.9990 | structurally_valid=True
2026-06-24 13:53:54,888 - core.overlay - INFO - Overlay analizado — size=0.5MB ratio=99.1% entropy=7.9991 embedded_pe=1 installer=no suspicious_strings=0
2026-06-24 13:53:54,889 - core.heuristics - INFO - Heurística — score=120 level=CRITICAL operational=DANGEROUS | triggers=6
2026-06-24 13:54:33,636 - core.overlay - INFO - Overlay analizado — size=1.0MB ratio=99.9% entropy=-0.0000 embedded_pe=0 installer=no suspicious_strings=0
2026-06-24 13:54:33,658 - core.overlay - INFO - Overlay analizado — size=0.0MB ratio=50.0% entropy=-0.0000 embedded_pe=0 installer=no suspicious_strings=0
2026-06-24 13:54:33,782 - core.overlay - INFO - Overlay analizado — size=2.0MB ratio=100.0% entropy=7.9999 embedded_pe=0 installer=no suspicious_strings=0
2026-06-24 13:54:33,824 - core.overlay - INFO - Overlay analizado — size=2.0MB ratio=100.0% entropy=-0.0000 embedded_pe=0 installer=no suspicious_strings=0
2026-06-24 13:54:33,841 - core.overlay - INFO - PE embebido en overlay @ offset +1024 | entropy=0.7733 | structurally_valid=True
2026-06-24 13:54:33,842 - core.overlay - INFO - Overlay analizado — size=0.0MB ratio=69.3% entropy=1.4217 embedded_pe=1 installer=no suspicious_strings=0
2026-06-24 13:54:33,867 - core.overlay - INFO - Overlay analizado — size=1.0MB ratio=99.9% entropy=-0.0000 embedded_pe=0 installer=no suspicious_strings=0
2026-06-24 13:54:33,869 - core.overlay - INFO - Instalador legítimo detectado: NSIS (FP protection activa)
2026-06-24 13:54:33,871 - core.overlay - INFO - Instalador legítimo detectado: InnoSetup (FP protection activa)
2026-06-24 13:54:33,873 - core.heuristics - INFO - Heurística — score=0 level=LOW operational=CLEAN | triggers=0
2026-06-24 13:54:33,875 - core.heuristics - INFO - Heurística — score=120 level=CRITICAL operational=DANGEROUS | triggers=6
2026-06-24 13:54:33,876 - core.heuristics - INFO - Heurística — score=35 level=MEDIUM operational=SUSPICIOUS | triggers=1
2026-06-24 13:54:33,880 - core.heuristics - INFO - Heurística — score=100 level=CRITICAL operational=DANGEROUS | triggers=7
2026-06-24 13:54:33,882 - core.heuristics - INFO - Heurística — score=120 level=CRITICAL operational=DANGEROUS | triggers=6
2026-06-24 13:54:33,883 - core.heuristics - INFO - Heurística — score=0 level=LOW operational=DANGEROUS | triggers=0
2026-06-24 13:54:33,884 - core.heuristics - INFO - Heurística — score=120 level=CRITICAL operational=DANGEROUS | triggers=6
2026-06-24 13:54:33,886 - core.heuristics - INFO - Heurística — score=40 level=MEDIUM operational=SUSPICIOUS | triggers=2
2026-06-24 13:54:33,887 - core.heuristics - INFO - Heurística — score=0 level=LOW operational=CLEAN | triggers=0
2026-06-24 13:54:33,888 - core.heuristics - INFO - Heurística — score=20 level=LOW operational=CLEAN | triggers=1
2026-06-24 13:54:33,914 - core.overlay - INFO - PE embebido en overlay @ offset +10240 | entropy=7.9990 | structurally_valid=True
2026-06-24 13:54:33,925 - core.overlay - INFO - Overlay analizado — size=0.5MB ratio=99.1% entropy=7.9990 embedded_pe=1 installer=no suspicious_strings=0
2026-06-24 13:54:33,926 - core.heuristics - INFO - Heurística — score=120 level=CRITICAL operational=DANGEROUS | triggers=6
2026-06-24 13:54:48,618 - models.inference - INFO - Loading model from /home/ivainx18/Escritorio/Shadownet_Defender_Extractor_V2/models/best_model.onnx...
2026-06-24 13:54:48,672 - models.inference - INFO - Loading scaler from /home/ivainx18/Escritorio/Shadownet_Defender_Extractor_V2/models/scaler.pkl...
2026-06-24 13:54:49,942 - models.inference - INFO - Model and scaler loaded successfully.
2026-06-24 13:54:49,944 - core.engine - INFO - Modelo ONNX cargado correctamente.
2026-06-24 13:54:49,988 - security.yara_scanner - INFO - YARA: 4/4 archivo(s) de reglas cargados exitosamente.
2026-06-24 13:54:49,990 - core.engine - INFO - YARA scanner activo con 4 archivo(s) de reglas.
2026-06-24 13:54:50,151 - core.engine - INFO - Extrayendo features de: sample1.exe
2026-06-24 13:54:51,155 - extractors.extractor - INFO - Extracción completada: sample1.exe | modo=PE_FASTLOAD | ratio_analizado=50.2% | packer_detectado=True | tiempo=1003.2ms
2026-06-24 13:54:51,471 - core.overlay - INFO - Overlay analizado — size=19.7MB ratio=98.7% entropy=7.9987 embedded_pe=0 installer=no suspicious_strings=0
2026-06-24 13:54:51,541 - core.heuristics - INFO - Heurística — score=105 level=CRITICAL operational=DANGEROUS | triggers=6
2026-06-24 13:54:51,547 - core.engine - INFO - Escaneo completo: sample1.exe | label=BENIGN | score=0.0000 | operational=DANGEROUS | risk=CRITICAL(105) | phases=['YARA', 'ML_STATIC', 'OVERLAY_FORENSICS'] | time=1555ms
2026-06-24 14:09:10,575 - models.inference - INFO - Loading model from /home/ivainx18/Escritorio/Shadownet_Defender_Extractor_V2/models/best_model.onnx...
2026-06-24 14:09:10,708 - models.inference - INFO - Loading scaler from /home/ivainx18/Escritorio/Shadownet_Defender_Extractor_V2/models/scaler.pkl...
2026-06-24 14:09:14,844 - models.inference - INFO - Model and scaler loaded successfully.
2026-06-24 14:09:14,855 - core.engine - INFO - Modelo ONNX cargado correctamente.
2026-06-24 14:09:15,054 - security.yara_scanner - INFO - YARA: 4/4 archivo(s) de reglas cargados exitosamente.
2026-06-24 14:09:15,061 - core.engine - INFO - YARA scanner activo con 4 archivo(s) de reglas.
2026-06-24 14:09:15,352 - core.engine - INFO - Extrayendo features de: sample2.exe
2026-06-24 14:09:16,407 - extractors.extractor - INFO - Extracción completada: sample2.exe | modo=PE_STRICT | ratio_analizado=100.0% | packer_detectado=True | tiempo=1049.1ms
2026-06-24 14:09:16,494 - core.heuristics - INFO - Heurística — score=40 level=MEDIUM operational=SUSPICIOUS | triggers=3
2026-06-24 14:09:16,506 - core.engine - INFO - Escaneo completo: sample2.exe | label=BENIGN | score=0.0000 | operational=SUSPICIOUS | risk=MEDIUM(40) | phases=['YARA', 'ML_STATIC', 'OVERLAY_FORENSICS'] | time=1434ms
